,index,Date,vader,vader_average,watson,henry,Loughran-McDonald,average_sentiment,count,WTI,change_WTI_1,change_WTI_2,trend_WTI_1,trend_WTI_2
0,0,2017-11-18,-0.589378938,-0.10852099,-0.396259259,0.212478632,-0.7302317290000001,-0.322382457,5,56.21,0.0,0.011207970112079746,0.0,1.0
1,2,2017-11-20,0.29859097,0.035729715,-0.237414021,0.19258929100000002,-0.35061651200000005,-0.012224111000000001,54,56.21,0.011207970112079746,0.029710016011385905,1.0,1.0
2,3,2017-11-21,0.24946094600000002,0.017510779,-0.115074064,0.356519731,-0.289347856,0.043813907,50,56.84,0.018296973961998576,0.03694581280788167,1.0,1.0
3,4,2017-11-22,0.057218625,-0.000209377,-0.219702478,0.430621815,-0.346907319,-0.015795747,62,57.88,0.01831375259156868,0.0038009675190048176,1.0,1.0
4,6,2017-11-24,0.429599778,0.04761038,-0.116702913,0.326597768,-0.223295525,0.09276189800000001,44,58.94,-0.014251781472684024,-0.016627078384798048,0.0,0.0
5,9,2017-11-27,0.335950986,0.007582449000000001,-0.306737614,0.18623495399999998,-0.361722121,-0.027738269,46,58.1,-0.0024096385542168772,-0.014629948364888148,0.0,0.0
6,10,2017-11-28,0.26472825899999997,0.05029538,-0.19836943199999998,0.349982869,-0.30894737699999997,0.03153794,56,57.96,-0.012249827467218786,-0.00966183574879231,0.0,0.0
7,11,2017-11-29,0.322983319,0.041254196,-0.152930581,0.341016075,-0.421566835,0.026151235,49,57.25,0.0026200873362445167,0.019213973799126663,1.0,1.0
8,12,2017-11-30,0.306748322,0.03886804,-0.1537405,0.408094866,-0.291331508,0.061727844000000004,68,57.4,0.016550522648083675,0.001393728222996486,1.0,1.0
9,13,2017-12-01,0.307839713,0.032810965,-0.28627040800000003,0.289025995,-0.27366497100000003,0.013948259,56,58.35,-0.014910025706940952,-0.011825192802056638,0.0,0.0
10,16,2017-12-04,0.258406328,0.03043447,-0.21423227399999997,0.234689963,-0.35764585299999996,-0.009669473,41,57.48,0.003131524008350726,-0.029401530967292932,1.0,0.0
11,17,2017-12-05,0.11235739,0.007863516999999999,-0.23808986399999998,0.36572597,-0.24387612600000003,0.000796177,52,57.66,-0.03243149497051678,-0.02011793270898364,0.0,0.0
12,18,2017-12-06,-0.133974761,-0.02040413,-0.301856086,0.24970850600000002,-0.460865711,-0.133478436,44,55.79,0.012726295034952515,0.024377128517655482,1.0,1.0
13,19,2017-12-07,0.302953152,0.04361098099999999,-0.102478395,0.457159882,-0.199474835,0.100354157,35,56.5,0.011504424778761038,0.023716814159292096,1.0,1.0
14,20,2017-12-08,0.4180018,0.095744994,-0.021437991,0.484393675,-0.09242067,0.176856362,35,57.15,0.012073490813648379,-0.0005249343832021197,1.0,0.0
15,23,2017-12-11,0.31450526,0.008714133,-0.053694188,0.46369075299999996,-0.30638589899999996,0.08536601199999999,42,57.84,-0.01244813278008309,-0.02161134163208852,0.0,0.0
16,24,2017-12-12,0.211647027,0.034430841000000004,-0.078693287,0.45409817700000005,-0.261673988,0.071961754,58,57.12,-0.009278711484593733,-0.002100840336134409,0.0,0.0
17,25,2017-12-13,0.349609099,0.084344661,-0.186059748,0.365089906,-0.32283088,0.058030607000000005,58,56.59,0.00724509630676792,0.01236967662131111,1.0,1.0
18,26,2017-12-14,0.22888425199999998,0.043963354,-0.168616619,0.269736966,-0.26442320399999997,0.02190895,44,57.0,0.005087719298245599,0.002982456140350907,1.0,1.0
19,27,2017-12-15,0.276905816,0.042881006,-0.259092926,0.270263705,-0.376620789,-0.009132638,32,57.29,-0.0020946063885494406,0.0034910106475825246,0.0,1.0
20,30,2017-12-18,0.295483548,0.064993633,-0.053851474,0.420470855,-0.26483619199999997,0.09245207400000001,50,57.17,0.0055973412629001275,0.01609235613083788,1.0,1.0
21,31,2017-12-19,0.03988808,0.006425467,-0.17960136,0.378433377,-0.298286577,-0.010628203000000001,44,57.49,0.010436597669159877,0.014785180031309818,1.0,1.0
22,32,2017-12-20,0.237326058,0.024540492999999997,-0.174868909,0.38414414700000005,-0.245031682,0.045222020999999994,43,58.09,0.00430366672404889,0.0027543467033912306,1.0,1.0
23,33,2017-12-21,0.278210748,0.054017460999999996,-0.11321458300000001,0.40054238600000003,-0.257780842,0.072355034,41,58.34,-0.0015426808364758897,0.02074048680150829,0.0,1.0
24,34,2017-12-22,0.47297063,0.104451029,-0.065717442,0.488507146,-0.264933527,0.147055567,30,58.25,0.022317596566523556,0.024377682403433507,1.0,1.0
25,38,2017-12-26,0.176062434,0.0008184630000000001,-0.279901888,0.267511548,-0.187216142,-0.004545117,29,59.55,0.002015113350126021,0.004869857262804471,1.0,1.0
26,39,2017-12-27,0.30864665399999996,0.066154425,0.002055517,0.45506267899999997,-0.11982018,0.142419819,38,59.67,0.0028490028490028773,0.013239483827719107,1.0,1.0
27,40,2017-12-28,0.424847485,0.060484002,-0.09293274800000001,0.44125845399999997,-0.140583724,0.138614694,40,59.84,0.010360962566844876,0.008856951871657654,1.0,1.0
28,41,2017-12-29,0.279976716,0.063897094,-0.100631043,0.323931548,-0.202378819,0.072959099,39,60.46,-0.0014885874958650912,0.019020840224942086,0.0,1.0
29,45,2018-01-02,0.179254768,0.019512204,-0.193680855,0.436590099,-0.209011843,0.046532875,57,60.37,0.020540003312903794,0.02666887526917342,1.0,1.0
30,46,2018-01-03,0.466579311,0.092436804,-0.033010856,0.534475513,-0.149943458,0.182107463,49,61.61,0.006005518584645308,-0.0019477357571822341,1.0,0.0
31,47,2018-01-04,0.593597455,0.097452755,0.007645465,0.49511825200000004,-0.12752242800000002,0.2132583,42,61.98,-0.007905776056792432,-0.004033559212649242,0.0,0.0
32,48,2018-01-05,0.493749375,0.046858124,-0.038762472,0.46370171600000004,-0.078140665,0.17748121600000002,36,61.49,0.003903073670515448,0.02325581395348837,1.0,1.0
33,51,2018-01-08,0.338613349,0.054275175,-0.160961537,0.472960771,-0.226222547,0.09573304199999999,39,61.73,0.01927749878503167,0.030293212376478286,1.0,1.0
34,52,2018-01-09,0.258621418,0.02736532,-0.159476854,0.406267745,-0.10754897199999999,0.085045731,45,62.92,0.010807374443738076,0.01414494596312779,1.0,1.0
35,53,2018-01-10,0.317518986,0.020917282,-0.19713569600000003,0.386484846,-0.314699134,0.042617257,47,63.6,0.0033018867924528433,0.009748427672955935,1.0,1.0
36,54,2018-01-11,0.446479736,0.07140339700000001,-0.015696934,0.423418794,-0.196554144,0.14581017,57,63.81,0.0064253251841403635,0.0001567152483936375,1.0,1.0
37,55,2018-01-12,0.449472854,0.09240705800000001,-0.07845778099999999,0.397376409,-0.128675584,0.146424591,43,64.22,-0.006228589224540619,-0.004671441918405437,0.0,0.0
38,59,2018-01-16,0.394333183,0.063282815,-0.067302785,0.458030957,-0.219361202,0.125796594,64,63.82,0.001566906925728634,0.0021936696960200655,1.0,1.0
39,60,2018-01-17,0.16379137900000001,0.034887554,0.001516728,0.407154406,-0.187221697,0.08402567400000001,48,63.92,0.0006257822277847176,-0.008448060075093853,1.0,0.0
40,61,2018-01-18,0.190859471,0.034721094,-0.161851048,0.285153412,-0.257671559,0.018242274,52,63.96,-0.009068167604752944,-0.004690431519699879,0.0,0.0
41,62,2018-01-19,0.556649415,0.064482446,-0.110173329,0.331451883,-0.212087041,0.126064675,48,63.38,0.004417797412432849,0.01688229725465447,1.0,1.0
42,65,2018-01-22,0.43265790000000004,0.08509035,-0.042095675,0.395602306,-0.253792638,0.123492449,41,63.66,0.012409676405906477,0.03188815582783539,1.0,1.0
43,66,2018-01-23,0.577887613,0.094586225,0.040813638,0.395823926,-0.233847439,0.175052793,57,64.45,0.019239720713731496,0.01815360744763385,1.0,1.0
44,67,2018-01-24,0.43042735600000004,0.08624766199999999,-0.099946456,0.483788457,-0.137196517,0.1526641,51,65.69,-0.0010656112041405568,0.008829349977165448,0.0,1.0
45,68,2018-01-25,0.341945515,0.072973631,-0.122920265,0.438141895,-0.08990259099999999,0.128047637,53,65.62,0.009905516610789263,0.001371533069186059,1.0,1.0
46,69,2018-01-26,0.523414841,0.104204331,-0.022389547000000003,0.46954070700000006,-0.105820604,0.19378994600000002,32,66.27,-0.008450279161008033,-0.02459634827221964,0.0,0.0
47,72,2018-01-29,0.474472009,0.072653012,-0.117143601,0.38049236299999994,-0.290040268,0.104086703,57,65.71,-0.0162836706741743,-0.01354436158879928,0.0,0.0
48,73,2018-01-30,0.113885389,0.027826939,-0.331846347,0.183281263,-0.39018181700000004,-0.079406915,50,64.64,0.0027846534653464205,0.01980198019801982,1.0,1.0
49,74,2018-01-31,0.359209834,0.071747523,-0.182782133,0.30989302399999996,-0.175295813,0.076554487,46,64.82,0.016970070965751444,0.010490589324282736,1.0,1.0
50,75,2018-02-01,0.5571218139999999,0.129696191,-0.007367166,0.433709888,-0.081469115,0.206338322,59,65.92,-0.006371359223300997,-0.026395631067961087,0.0,0.0
51,76,2018-02-02,0.5031217410000001,0.064366333,-0.208358601,0.33983801,-0.248682193,0.09005705800000001,35,65.5,-0.020152671755725087,-0.030839694656488597,0.0,0.0
52,79,2018-02-05,-0.110318927,-0.059434090999999994,-0.291451373,0.11486105699999999,-0.490853462,-0.167439359,38,64.18,-0.010906824555936582,-0.03536927391710829,0.0,0.0
53,80,2018-02-06,0.23543414899999998,0.016681991,-0.241665677,0.13954259900000002,-0.354597027,-0.040920793,66,63.48,-0.024732199117832393,-0.034341524889729046,0.0,0.0
54,81,2018-02-07,0.354559984,0.024983659,-0.10641730699999999,0.33373449899999996,-0.207796626,0.079812842,53,61.91,-0.009853012437409134,-0.04377321918914544,0.0,0.0
55,82,2018-02-08,0.151043676,0.010585623999999998,-0.31653347,0.244501578,-0.43061687299999996,-0.068203893,49,61.3,-0.03425774877650888,-0.030831973898858087,0.0,0.0
56,83,2018-02-09,0.02902251,-0.00671477,-0.343883261,0.229350567,-0.475336374,-0.113512266,51,59.2,0.0035472972972971917,0.002195945945945869,1.0,1.0
57,86,2018-02-12,0.406284025,0.048198014000000004,-0.13237183800000002,0.39346663200000004,-0.237290248,0.09565731699999999,53,59.41,-0.0013465746507321714,0.02171351624305683,0.0,1.0
58,87,2018-02-13,0.321920828,0.033689951,-0.262095289,0.317567015,-0.227297164,0.036757068,44,59.33,0.023091184898028055,0.036237990898365054,1.0,1.0
59,88,2018-02-14,0.372837284,0.068084684,-0.209082728,0.36432582,-0.14157642199999998,0.090917728,56,60.7,0.0128500823723228,0.019604612850082335,1.0,1.0
60,89,2018-02-15,0.37285049299999995,0.045833009,-0.16145226099999999,0.466641738,-0.273441488,0.09008629800000001,53,61.48,0.006668835393624003,0.006994144437215351,1.0,1.0
61,90,2018-02-16,0.466131979,0.069296099,-0.087625699,0.480949491,-0.237554297,0.138239514,41,61.89,0.0003231539828727746,-0.002585231862982771,1.0,0.0
62,94,2018-02-20,0.268793008,0.045707948,-0.20696098100000002,0.381386599,-0.333764429,0.031032429,62,61.91,-0.002907446293005972,0.013083508318526931,0.0,1.0
63,95,2018-02-21,0.15058101599999998,0.036111661,-0.229503135,0.36478245600000003,-0.307681243,0.0028581509999999997,47,61.73,0.016037583022841438,0.028997246071602242,1.0,1.0
64,96,2018-02-22,0.56883605,0.092628716,-0.113702828,0.387202738,-0.268173909,0.133358154,48,62.72,0.012755102040816394,0.0173788265306123,1.0,1.0
65,97,2018-02-23,0.467858214,0.068021305,-0.007106771,0.42713336,-0.143911048,0.16239901199999998,35,63.52,0.004565491183879079,-0.009130982367758271,1.0,0.0
66,100,2018-02-26,0.7044028729999999,0.135952982,0.050649739000000006,0.446574194,-0.091546289,0.2492067,37,63.81,-0.013634226610249248,-0.03729822911769319,0.0,0.0
67,101,2018-02-27,0.40180618100000004,0.040767832999999996,-0.277024889,0.30544231,-0.220044512,0.050189384000000004,50,62.94,-0.023991102637432444,-0.031140768986336206,0.0,0.0
68,102,2018-02-28,-0.031544331,-0.038659865,-0.333128355,0.23415824100000002,-0.43694594200000003,-0.12122405,51,61.43,-0.007325411036952676,-0.0039068858863747676,0.0,0.0
69,103,2018-03-01,-0.086766304,-0.025122456,-0.29606466800000003,0.242022545,-0.45148076299999995,-0.123482329,59,60.98,0.0034437520498524247,0.024762217120367417,1.0,1.0
70,104,2018-03-02,0.083928906,-0.003160973,-0.251136662,0.185353359,-0.410307419,-0.079064558,39,61.19,0.021245301519856256,0.02206242850138914,1.0,1.0
71,107,2018-03-05,0.42755967899999997,0.058433125,-0.20557223300000002,0.387030792,-0.330240776,0.067442117,65,62.49,0.0008001280204832319,-0.02240358457353174,1.0,0.0
72,108,2018-03-06,0.38683305,0.077325947,-0.106566284,0.402908324,-0.298230225,0.09245416199999999,71,62.54,-0.02318516149664208,-0.038535337384074136,0.0,0.0
73,109,2018-03-07,0.036384031000000004,0.017316724,-0.23788071600000002,0.221125897,-0.342840369,-0.061178887,51,61.09,-0.015714519561303007,0.015223440825012272,0.0,1.0
74,110,2018-03-08,0.19760624699999998,0.04573051400000001,-0.18974813,0.360127191,-0.326651386,0.017412887,37,60.13,0.031431897555296864,0.020289373025112238,1.0,1.0
75,111,2018-03-09,0.525617946,0.093440084,0.015333234,0.470690069,-0.07380428,0.20625541100000003,26,62.02,-0.010802966784908122,-0.021444695259593766,0.0,0.0
76,114,2018-03-12,0.252874005,0.060148059000000004,-0.181636911,0.364317215,-0.42832041200000004,0.013476391,39,61.35,-0.010757946210269008,-0.007497962510187463,0.0,0.0
77,115,2018-03-13,0.054299547999999996,0.008665333,-0.19140735600000003,0.24860081899999997,-0.444143258,-0.064796983,51,60.69,0.0032954358213874253,0.007744274180260321,1.0,1.0
78,116,2018-03-14,-0.021753337999999997,0.018489947,-0.28093786,0.32495598,-0.344066073,-0.060662269000000005,43,60.89,0.004434225652816489,0.02299228116275248,1.0,1.0
79,117,2018-03-15,0.024733846,0.0007818769999999999,-0.305183488,0.250245084,-0.443490791,-0.09458269400000001,51,61.16,0.01847612818835845,0.01389797253106608,1.0,1.0
80,118,2018-03-16,0.19611389699999998,0.054356031,-0.13459081,0.38794095700000003,-0.30923563,0.038916888999999996,35,62.29,-0.004495103547921033,0.01733825654198103,0.0,1.0
81,121,2018-03-19,0.193014954,0.034705209,-0.236495187,0.15533418,-0.358429751,-0.042374119,46,62.01,0.02193194646024834,0.04983067247218185,1.0,1.0
82,122,2018-03-20,0.165796209,0.07483992,-0.257920522,0.26122452,-0.343914591,-0.019994893,54,63.37,0.027299984219662253,0.013886697175319592,1.0,1.0
83,123,2018-03-21,0.112885531,0.039259867999999996,-0.22880657100000001,0.296644213,-0.34630330600000003,-0.025264052999999998,66,65.1,-0.013056835637480713,0.010752688172043055,0.0,1.0
84,124,2018-03-22,-0.055178017999999995,0.002663098,-0.224991208,0.255389193,-0.363080794,-0.077039546,40,64.25,0.024124513618677,0.019299610894941553,1.0,1.0
85,125,2018-03-23,0.056469282999999995,0.01731782,-0.264482531,0.19991974399999998,-0.30062516699999997,-0.05828017,44,65.8,-0.004711246200607938,-0.008966565349544126,0.0,0.0
86,128,2018-03-26,-0.07480313200000001,0.017884836,-0.044555080999999996,0.332435278,-0.223179345,0.001556511,46,65.49,-0.0042754619025805645,-0.01817071308596729,0.0,0.0
87,129,2018-03-27,0.38932265299999996,0.077475084,-0.07758187400000001,0.45703693,-0.18819922100000003,0.131610715,43,65.21,-0.013954914890354189,-0.005213924244747573,0.0,0.0
88,130,2018-03-28,0.062411325999999996,0.024689242,-0.238965478,0.220209205,-0.32504391,-0.051339922999999996,59,64.3,0.008864696734059213,-0.019440124416796267,1.0,0.0
89,131,2018-03-29,0.081725246,0.021006085,-0.16505631199999998,0.355446955,-0.270031054,0.004618184,41,64.87,-0.02805611222444901,-0.02250655156466792,0.0,0.0
90,135,2018-04-02,-0.011707421,-0.015379298000000001,-0.260386722,0.232911703,-0.47332429600000003,-0.10557720699999999,32,63.05,0.005709754163362402,0.004758128469468744,1.0,1.0
91,136,2018-04-03,0.075528605,0.026187092999999998,-0.226595217,0.219784673,-0.25297732300000003,-0.031614434,38,63.41,-0.000946222993218659,0.0018924459864375423,0.0,1.0
92,137,2018-04-04,0.032916335,0.018491528,-0.163026411,0.212817457,-0.401496005,-0.060059419,46,63.35,0.0028413575374901297,-0.020836621941594323,1.0,0.0
93,138,2018-04-05,0.32103587699999997,0.06824213900000001,-0.127200895,0.367742846,-0.318595063,0.062244981,53,63.53,-0.023610892491736188,-0.002046277349283843,0.0,0.0
94,139,2018-04-06,0.218177137,0.037745091,-0.179515809,0.272821307,-0.40117364299999997,-0.010389183,47,62.03,0.022086087377075566,0.05561824923424154,1.0,1.0
95,142,2018-04-09,0.018376306000000002,0.040718266,-0.205766402,0.28257745300000003,-0.40906513,-0.054631902,47,63.4,0.03280757097791807,0.053785488958990595,1.0,1.0
96,143,2018-04-10,0.00510215,0.010197346999999999,-0.14624995699999999,0.37060551799999997,-0.36297743299999996,-0.024664475,61,65.48,0.020311545510079385,0.02428222357971883,1.0,1.0
97,144,2018-04-11,-0.173630796,-0.036329113999999996,-0.274977558,0.34402156700000003,-0.431013473,-0.114385875,67,66.81,0.0038916329890733557,0.008082622361921749,1.0,1.0
98,145,2018-04-12,0.084810176,0.033445668,-0.22583777800000002,0.252525483,-0.250302911,-0.021071872000000002,59,67.07,0.004174742806023575,-0.012524228418070512,1.0,0.0
99,146,2018-04-13,0.5489008360000001,0.075857032,0.038606048,0.450794979,-0.039817734,0.214868232,37,67.35,-0.016629547141796444,-0.012620638455827683,0.0,0.0
100,149,2018-04-16,0.07319991299999999,0.016446403999999998,-0.200309021,0.290458934,-0.30453386600000004,-0.024947527,54,66.23,0.004076702400724687,0.03336856409482098,1.0,1.0
101,150,2018-04-17,0.204089457,0.000727958,-0.1409878,0.247268025,-0.299636532,0.002292222,42,66.5,0.029172932330827035,0.02706766917293229,1.0,1.0
102,151,2018-04-18,0.35044472200000004,0.048953259000000006,0.033964388,0.37788497600000004,-0.201418801,0.121965709,62,68.44,-0.002045587375803632,-0.002630040911747408,0.0,0.0
103,152,2018-04-19,0.334189301,0.039731246,-0.114020237,0.405829651,-0.25181318199999997,0.082783356,68,68.3,-0.0005856515373351691,-0.010102489019033642,0.0,0.0
104,153,2018-04-20,0.13659854400000002,0.055396025,-0.302576409,0.27826319899999996,-0.276943201,-0.021852369,86,68.26,-0.009522414298271399,-0.008789920890712108,0.0,0.0
105,156,2018-04-23,0.306637706,0.057728453,-0.131077308,0.42147289200000004,-0.215429708,0.087866407,71,67.61,0.0007395355716609548,0.005768377458955784,1.0,1.0
106,157,2018-04-24,0.414280644,0.075758279,-0.059417276,0.462411365,-0.15081852099999998,0.14844289800000002,51,67.66,0.005025125628140754,0.00768548625480358,1.0,1.0
107,158,2018-04-25,0.202401372,0.007084826,-0.309600193,0.31082914300000003,-0.33611594200000006,-0.025080158999999998,53,68.0,0.0026470588235295123,0.001617647058823521,1.0,1.0
108,159,2018-04-26,0.532363842,0.082109515,0.12600836699999998,0.444900171,-0.118654618,0.213345455,66,68.18,-0.0010266940451746462,0.005573481959518853,0.0,1.0
109,160,2018-04-27,0.519983706,0.087938813,-0.07373241400000001,0.333431225,-0.080843708,0.157355524,41,68.11,0.006606959330494829,-0.012186169431801473,1.0,0.0
110,163,2018-04-30,0.5666176789999999,0.103603245,-0.119968774,0.44506191,-0.22561616399999998,0.153939579,59,68.56,-0.018669778296382746,-0.009480746791131938,0.0,0.0
111,164,2018-05-01,0.38059763399999996,0.065171101,-0.049643795,0.339272568,-0.251020946,0.096875313,47,67.28,0.009363852556480312,0.017390011890606447,1.0,1.0
112,165,2018-05-02,0.295992099,0.039159052,-0.150814654,0.362080439,-0.230089288,0.063265529,56,67.91,0.007951700780444798,0.02650566926814898,1.0,1.0
113,166,2018-05-03,0.205422923,0.040130329,-0.314530663,0.314961555,-0.30456330600000003,-0.011715833,42,68.45,0.01840759678597503,0.033455076698319826,1.0,1.0
114,167,2018-05-04,0.35429971600000004,0.052426799,-0.25365725699999997,0.36731500899999997,-0.293881817,0.04530049,28,69.71,0.01477549849375988,-0.012623726868454964,1.0,0.0
115,170,2018-05-07,0.315056858,0.051555168,-0.17849039600000002,0.366313306,-0.278124184,0.05526215,71,70.74,-0.02700028272547352,0.005937234944868557,0.0,1.0
116,171,2018-05-08,0.11896393699999999,0.024545402999999997,-0.346175286,0.168383915,-0.403903898,-0.08763718599999999,98,68.83,0.033851518233328465,0.03675722795292752,1.0,1.0
117,172,2018-05-09,0.303504731,0.04190862,-0.21083117699999998,0.291001225,-0.30824998,0.023466683999999998,121,71.16,0.002810567734682446,-0.0066048341765036385,1.0,0.0
118,173,2018-05-10,0.330012453,0.041799672999999996,-0.216888419,0.338884645,-0.352049633,0.028351743999999998,73,71.36,-0.009389013452914822,-0.004904708520179293,0.0,0.0
119,174,2018-05-11,0.20520419399999998,0.027708534,-0.202451925,0.276931844,-0.270369552,0.007404619,49,70.69,0.004526807186306513,0.009195077097184973,1.0,1.0
120,177,2018-05-14,0.30894668399999997,0.057816205,-0.227028302,0.465252712,-0.283097111,0.064378038,76,71.01,0.004647232784114889,0.0059146599070553675,1.0,1.0
121,178,2018-05-15,0.31648817100000004,0.050473866,-0.160462575,0.39894853700000005,-0.268667022,0.067356195,69,71.34,0.0012615643397813766,0.0018222596019063,1.0,1.0
122,179,2018-05-16,0.082712557,0.01269563,-0.15741418599999998,0.27489100899999996,-0.28821699100000003,-0.015066396000000001,70,71.43,0.0005599888002238841,-0.0027999440011200172,1.0,0.0
123,180,2018-05-17,0.32654828,0.046913618,-0.074890191,0.416486836,-0.26949216600000003,0.089113275,64,71.47,-0.003358052329648732,0.0110535889184274,0.0,1.0
124,181,2018-05-18,0.539396797,0.0925844,-0.075172083,0.381616216,-0.30108798800000003,0.127467468,56,71.23,0.014460199354204704,0.012073564509335945,1.0,1.0
125,184,2018-05-21,0.14124745800000002,0.022242537000000003,-0.14912096,0.36748812399999997,-0.282914376,0.019788557,57,72.26,-0.002352615554940516,-0.005673955161915455,0.0,0.0
126,185,2018-05-22,0.22327394,0.034159657999999996,-0.20212444100000002,0.358522416,-0.36991086799999995,0.008784141,62,72.09,-0.003329171868497837,-0.018310445276737513,0.0,0.0
127,186,2018-05-23,0.01920192,0.00815423,-0.387964893,0.185852195,-0.5199185470000001,-0.138935019,59,71.85,-0.015031315240083484,-0.054697286012526,0.0,0.0
128,187,2018-05-24,0.135898097,0.025013036000000002,-0.31176594399999996,0.115968541,-0.424854302,-0.091948115,71,70.77,-0.04027130139889776,-0.05609721633460504,0.0,0.0
129,188,2018-05-25,0.165334955,0.050562749000000004,-0.332831172,0.273563824,-0.34007129399999997,-0.036688188,76,67.92,-0.01648998822143705,0.004711425206124752,0.0,1.0
130,192,2018-05-29,0.045952595,0.028121206,-0.267018285,0.20887837199999998,-0.381785654,-0.073170353,50,66.8,0.021556886227544876,0.002694610778443216,1.0,1.0
131,193,2018-05-30,0.41539315200000004,0.118274456,-0.060882603,0.39849422700000003,-0.274929045,0.11927003800000001,62,68.24,-0.01846424384525192,-0.03560961313012885,0.0,0.0
132,194,2018-05-31,0.411982375,0.057996734,-0.177542022,0.33547017100000004,-0.199202302,0.085740991,51,66.98,-0.017467900865930152,-0.0331442221558674,0.0,0.0
133,195,2018-06-01,0.150687291,0.100640626,-0.088191936,0.302275692,-0.239545283,0.045173278,36,65.81,-0.01595502203312562,-0.004558577723750147,0.0,0.0
134,198,2018-06-04,0.256568839,0.069987134,-0.19436834100000003,0.444151766,-0.301692305,0.05492941900000001,44,64.76,0.011581222977146385,-0.00015441630636203082,1.0,0.0
135,199,2018-06-05,0.289028903,0.06434552,-0.214683448,0.359281277,-0.28964861,0.041664729,45,65.51,-0.01160128224698527,0.006869180277820006,0.0,1.0
136,200,2018-06-06,0.327199993,0.056307472000000004,-0.094951034,0.458666942,-0.24645624300000002,0.10015342599999999,55,64.75,0.018687258687258592,0.015752895752895693,1.0,1.0
137,201,2018-06-07,0.316709449,0.071342059,-0.143748977,0.35884301799999996,-0.310751341,0.058478841,54,65.96,-0.0028805336567616397,0.0021224984839296633,0.0,1.0
138,202,2018-06-08,0.023717756,0.026364877999999998,-0.19775573100000002,0.149724035,-0.352936496,-0.070177112,39,65.77,0.005017485175611956,0.009274745324616078,1.0,1.0
139,205,2018-06-11,0.36127126200000004,0.06554741,-0.07441880299999999,0.44537245,-0.19683743399999998,0.12018697699999999,37,66.1,0.004236006051437234,0.008018154311649034,1.0,1.0
140,206,2018-06-12,0.230748565,0.035474853,-0.147035592,0.31359442,-0.275447145,0.03146702,51,66.38,0.0037661946369388372,0.007984332630310353,1.0,1.0
141,207,2018-06-13,0.250183842,0.076514304,-0.23252707600000003,0.394577447,-0.369791208,0.023791462000000003,51,66.63,0.004202311271199177,-0.024313372354794995,1.0,0.0
142,208,2018-06-14,0.45564926899999997,0.09358674300000001,-0.28872323699999997,0.326398658,-0.426751347,0.032032017,54,66.91,-0.02839635331041685,-0.014945449110745778,0.0,0.0
143,209,2018-06-15,-0.129793414,-0.020024194,-0.282626652,0.145517364,-0.476520609,-0.152689501,46,65.01,0.013844023996308128,0.00123057991078293,1.0,1.0
144,212,2018-06-18,-0.195185233,-0.029501042,-0.387500829,0.161497816,-0.513345315,-0.19280692100000002,70,65.91,-0.012441207707479795,0.0001517220452132471,0.0,1.0
145,213,2018-06-19,-0.142217555,-0.059638233,-0.405898816,0.201981274,-0.512020355,-0.183558737,60,65.09,0.012751574742663977,0.00906437240743591,1.0,1.0
146,214,2018-06-20,-0.092812671,0.005299644,-0.291007344,0.399676166,-0.376903624,-0.071149566,59,65.92,-0.0036407766990290487,0.04702669902912612,0.0,1.0
147,215,2018-06-21,0.11939116,0.040531132000000004,-0.277360342,0.20754774,-0.39001227299999996,-0.059980517000000004,77,65.68,0.050852618757612496,0.06440316686967097,1.0,1.0
148,216,2018-06-22,0.090818056,-0.007392925,-0.257846264,0.30904466399999997,-0.328312564,-0.038737807,78,69.02,0.012894813097652863,0.08997392060272397,1.0,1.0
149,219,2018-06-25,-0.17816264399999998,-0.043103391,-0.29141380699999997,0.050650974,-0.48998139399999996,-0.190402052,58,69.91,0.0760978400801031,0.10728078958661136,1.0,1.0
150,220,2018-06-26,0.004435927,0.004297530999999999,-0.27334874600000003,0.249584881,-0.34893029700000006,-0.07279214099999999,62,75.23,0.028977801409012263,-0.02366077362754222,1.0,0.0
151,221,2018-06-27,-0.11605815800000001,-0.037132225,-0.277378169,0.132531509,-0.34282669,-0.128172746,58,77.41,-0.051156181371915695,-0.04237178659087975,0.0,0.0
152,222,2018-06-28,0.036774132,-0.00041369800000000005,-0.28511856,0.297500107,-0.43281576,-0.076814756,44,73.45,0.00925799863852951,0.005990469707283836,1.0,1.0
153,223,2018-06-29,0.10412997800000001,0.031947541,-0.215105811,0.391985572,-0.355958979,-0.00860034,46,74.13,-0.003237555645487588,0.0008093889113719449,0.0,1.0
154,226,2018-07-02,-0.013127313,-0.020046678000000002,-0.3854895,0.163262392,-0.5911372970000001,-0.169307679,50,73.89,0.004060089321965045,-0.011368250101502279,1.0,0.0
155,227,2018-07-03,0.096311759,0.030395391,-0.169052148,0.277112603,-0.330522186,-0.019150916,47,74.19,-0.015365952284674493,-0.005526351260277619,0.0,0.0
156,229,2018-07-05,-0.19059405899999998,-0.051232056,-0.403664985,0.230524438,-0.525552011,-0.188103735,48,73.05,0.009993155373032225,0.012046543463381378,1.0,1.0
157,230,2018-07-06,0.012943399999999999,-0.008210105,-0.26119860699999997,0.23739394100000002,-0.471400149,-0.09809430400000001,38,73.78,0.0020330712930334196,0.00447275684467333,1.0,1.0
158,233,2018-07-09,0.042632524000000005,0.012920971000000002,-0.124232632,0.35456946799999994,-0.33054025600000003,-0.008929985,46,73.93,0.0024347355606653943,-0.04680102799945905,1.0,0.0
159,234,2018-07-10,0.268453075,0.050115944,-0.082016702,0.456787162,-0.322405243,0.074186847,61,74.11,-0.04911617865335313,-0.05167993523141274,0.0,0.0
160,235,2018-07-11,-0.18870796199999998,-0.073489393,-0.47300249,0.040898241,-0.513764887,-0.241613298,55,70.47,-0.002696182772811093,0.007946643961969665,0.0,1.0
161,236,2018-07-12,-0.07452582,-0.023009408,-0.31780343899999997,0.33985724100000003,-0.531103653,-0.121317016,49,70.28,0.010671599317017643,-0.02931132612407516,1.0,0.0
162,237,2018-07-13,0.16832708899999999,0.02638066,-0.20536474600000001,0.36399932399999996,-0.35726765899999996,-0.0007850660000000001,39,71.03,-0.039560748979304554,-0.04223567506687315,0.0,0.0
163,240,2018-07-16,0.236723672,0.036442842,-0.192057145,0.296400807,-0.384506804,-0.001399326,60,68.22,-0.0027851070067428573,0.008208736440926448,0.0,1.0
164,241,2018-07-17,0.189301152,0.031591576,-0.253465917,0.19348600100000002,-0.447406255,-0.05729868900000001,45,68.03,0.011024547993532264,0.020432162281346474,1.0,1.0
165,242,2018-07-18,0.297614761,0.054426420999999996,-0.169493034,0.230391975,-0.31369506199999997,0.019849012,40,68.78,0.009305030532131442,0.022244838615876724,1.0,1.0
166,243,2018-07-19,0.00830083,0.006305199,-0.242468723,0.286132779,-0.341685456,-0.05668307400000001,41,69.42,0.012820512820512829,-0.021895707288965657,1.0,0.0
167,244,2018-07-20,0.24948836300000002,0.037228946,-0.116335989,0.310800417,-0.36396403299999996,0.023443541000000002,41,70.31,-0.03427677428530787,0.006542454842838767,0.0,1.0
168,247,2018-07-23,-0.08765630699999999,-0.016495744,-0.184184476,0.36329823,-0.428243179,-0.070656295,61,67.9,0.04226804123711326,0.04756995581737834,1.0,1.0
169,248,2018-07-24,0.18435415,0.031324643,-0.09844750599999999,0.419455371,-0.196670218,0.068003288,42,70.77,0.005086901229334456,0.011586830577928605,1.0,1.0
170,249,2018-07-25,0.234086742,0.048332161,-0.117015265,0.23793434100000002,-0.281006732,0.024466249,30,71.13,0.006467032194573429,-0.03472515113173062,1.0,0.0
171,250,2018-07-26,0.29283595,0.04560830900000001,-0.062983265,0.404141952,-0.118151398,0.11229031,45,71.59,-0.04092750384131871,-0.005587372538064054,0.0,0.0
172,251,2018-07-27,0.32691529999999996,0.031139475,-0.074871461,0.385020395,-0.304651923,0.072710357,46,68.66,0.03684823769297992,0.01776871540926302,1.0,1.0
173,254,2018-07-30,0.16855509100000002,0.005015477,-0.25285136,0.384425746,-0.33686303700000003,-0.006343616999999999,34,71.19,-0.018401460879337018,-0.033572130917263666,0.0,0.0
174,255,2018-07-31,0.317485082,0.060832217,-0.16561276,0.337928897,-0.272686522,0.055589383,45,69.88,-0.015455065827132203,-0.01330852890669709,0.0,0.0
175,256,2018-08-01,0.305854115,0.038038454,-0.158064951,0.267527398,-0.336107076,0.023449587999999997,51,68.8,0.0021802325581396177,-0.004505813953488405,1.0,0.0
176,257,2018-08-02,0.138969216,0.017556967,-0.204821747,0.232162218,-0.295328697,-0.022292409,47,68.95,-0.006671501087744858,0.000870195794053695,0.0,1.0
177,258,2018-08-03,0.044433390999999996,0.016004217,-0.17023929699999998,0.30656100000000003,-0.269124113,-0.014472961000000001,38,68.49,0.007592349248065561,0.009928456709008715,1.0,1.0
178,261,2018-08-06,-0.303347001,-0.056298399000000006,-0.367911156,0.18675591,-0.5360379120000001,-0.215367712,42,69.01,0.0023185045645558117,-0.03028546587451099,1.0,0.0
179,262,2018-08-07,0.289952525,0.027820311,-0.13360124,0.399652282,-0.43872452799999995,0.02901987,51,69.17,-0.032528552840826945,-0.03411883764637848,0.0,0.0
180,263,2018-08-08,0.10860594300000001,0.015980218,-0.27013469100000004,0.260713077,-0.44763134299999996,-0.066493359,61,66.92,-0.0016437537358039364,0.010310818888224712,0.0,1.0
181,264,2018-08-09,0.288333089,0.026100299,-0.24437344800000002,0.271298068,-0.389874348,-0.009703268000000001,47,66.81,0.011974255350995318,0.006585840443047414,1.0,1.0
182,265,2018-08-10,0.006292936999999999,-0.035413538,-0.38327346700000003,0.088692357,-0.5564720999999999,-0.17603476199999998,39,67.61,-0.005324656115959169,-0.008430705516935264,0.0,0.0
183,268,2018-08-13,0.02776582,0.010579908,-0.27274150199999997,0.23615147399999997,-0.49005656799999997,-0.097660174,46,67.25,-0.0031226765799255577,-0.03241635687732352,0.0,0.0
184,269,2018-08-14,-0.013454286999999999,0.010813211999999999,-0.24230481899999998,0.320348947,-0.45678615899999997,-0.076276621,34,67.04,-0.029385441527446494,-0.023866348448687475,0.0,0.0
185,270,2018-08-15,-0.33844448299999996,-0.06630567,-0.446135978,-0.014394103,-0.542037416,-0.28146353,47,65.07,0.005686184109420694,0.013216536038113012,1.0,1.0
186,271,2018-08-16,0.36035508299999996,0.050080875999999996,-0.120144968,0.298289227,-0.252000114,0.06731602099999999,42,65.44,0.007487775061124834,0.016198044009779988,1.0,1.0
187,272,2018-08-17,-0.129116912,-0.02624755,-0.37221359200000004,0.175681631,-0.397802195,-0.149939724,25,65.93,0.00864553314121027,0.021082966782951407,1.0,1.0
188,275,2018-08-20,-0.298983387,-0.059235917,-0.356644034,0.163703448,-0.523628512,-0.21495768,43,66.5,0.01233082706766907,0.020300751879699163,1.0,1.0
189,276,2018-08-21,-0.078707871,-0.007214176,-0.252283033,0.352254367,-0.31914792399999997,-0.061019727,43,67.32,0.007872846108140244,0.026886512180629863,1.0,1.0
190,277,2018-08-22,-0.073958615,-0.007200758000000001,-0.283881912,0.329437175,-0.33647421899999996,-0.07441566599999999,41,67.85,0.01886514369933679,0.02741341193809874,1.0,1.0
191,278,2018-08-23,-0.084924048,0.009079783000000001,-0.34810447,0.18278631,-0.46273158600000003,-0.14077880199999998,45,69.13,0.008389989874150128,0.012151019817734752,1.0,1.0
192,279,2018-08-24,0.10522206099999999,0.050782888,-0.19058734600000002,0.34152978799999995,-0.308306335,-0.00027178900000000004,26,69.71,0.0037297374838617865,-0.016783818677377528,1.0,0.0
193,282,2018-08-27,0.42225761,0.096890746,-0.045485178,0.459152712,-0.34979367100000003,0.116604444,39,69.97,-0.020437330284407498,-0.004144633414320309,0.0,0.0
194,283,2018-08-28,0.054074295999999994,0.016913011000000002,-0.22706689300000002,0.317839072,-0.381574433,-0.043962989,45,68.54,0.016632623285672606,0.024948934928508807,1.0,1.0
195,284,2018-08-29,0.100312734,0.00286954,-0.292997876,0.22934685800000001,-0.293381234,-0.050769996,37,69.68,0.00818025258323756,0.0022962112514350826,1.0,1.0
196,285,2018-08-30,0.10167683400000001,0.024221722999999997,-0.17788688600000002,0.260821586,-0.18865454899999998,0.004035742,39,70.25,-0.005836298932384293,-0.006120996441281236,0.0,0.0
197,286,2018-08-31,0.09084498199999999,-0.01375568,-0.298802817,0.235148157,-0.364309075,-0.070174887,39,69.84,-0.0002863688430700205,-0.016466208476517835,0.0,0.0
198,290,2018-09-04,-0.379781728,-0.084948367,-0.36847192,0.13475009599999999,-0.6405906170000001,-0.267808507,32,69.82,-0.016184474362646743,-0.028788312804353927,0.0,0.0
199,291,2018-09-05,-0.084014401,-0.022858672000000003,-0.258335456,0.124952036,-0.439524449,-0.135956188,50,68.69,-0.012811180666763655,-0.013975833454651242,0.0,0.0
200,292,2018-09-06,-0.282156216,-0.081005332,-0.389448601,0.060763174,-0.5828642310000001,-0.254942241,25,67.81,-0.0011797669960182612,-0.003834242737059506,0.0,0.0
201,293,2018-09-07,0.011964158999999999,0.005373458,-0.291566492,0.26924259100000003,-0.520827551,-0.10516276699999999,27,67.73,-0.0026576111029087083,0.0230326295585413,0.0,1.0
202,296,2018-09-10,0.35441175700000005,0.032906218,-0.17260276300000002,0.291311623,-0.31334017399999997,0.038537332,38,67.55,0.02575869726128807,0.041746854182087456,1.0,1.0
203,297,2018-09-11,-0.159386151,-0.04725244,-0.238129404,0.358758904,-0.433406945,-0.10388320699999999,47,69.29,0.015586664742387043,-0.009958146918747465,1.0,0.0
204,298,2018-09-12,-0.005140097,-0.024703921,-0.34110505399999996,0.17630916600000002,-0.36659780200000003,-0.11224754199999999,48,70.37,-0.025152763961915733,-0.019752735540713377,0.0,0.0
205,299,2018-09-13,-0.012777594,-0.014390603,-0.271245962,0.19374835899999998,-0.44364364,-0.10966188800000001,38,68.6,0.005539358600583232,0.003790087463556926,1.0,1.0
206,300,2018-09-14,0.026070463999999998,0.013327459,-0.10638311800000001,0.397918483,-0.236589228,0.018868812,28,68.98,-0.001739634676717955,0.012902290518991019,0.0,1.0
207,303,2018-09-17,0.188818882,0.028404065,-0.17131050899999997,0.212289485,-0.352957509,-0.018951117,39,68.86,0.014667441185013145,0.032239326169038615,1.0,1.0
208,304,2018-09-18,0.427973909,0.057055693,-0.17297617899999998,0.31510275600000004,-0.23289897399999998,0.078851441,45,69.87,0.01731787605553161,0.012881064834692878,1.0,1.0
209,305,2018-09-19,0.027710178,-0.006885041999999999,-0.216023283,0.313778324,-0.341143938,-0.044512752,27,71.08,-0.004361283061339368,-0.003939223410241997,0.0,0.0
210,306,2018-09-20,0.299791979,0.033285819,-0.161273561,0.24812500399999998,-0.298184367,0.024348975,50,70.77,0.0004239084357778881,0.03476049173378562,1.0,1.0
211,307,2018-09-21,0.12464905,0.018024553999999998,-0.245554125,0.37074458,-0.244962476,0.004580317,41,70.8,0.03432203389830518,0.03672316384180803,1.0,1.0
212,310,2018-09-24,0.001823155,-0.027031695,-0.226608767,0.29104985699999997,-0.392946134,-0.070742717,74,73.23,0.0023214529564386413,-0.013792161682370681,1.0,0.0
213,311,2018-09-25,0.14186073800000001,0.01841683,-0.24537696899999997,0.41242021,-0.40274937299999997,-0.015085713,58,73.4,-0.016076294277929247,-0.016621253405994532,0.0,0.0
214,312,2018-09-26,0.286077627,0.056835917,-0.136683365,0.355934615,-0.19669006,0.07309494700000001,51,72.22,-0.0005538631957905295,0.013015785101080002,0.0,1.0
215,313,2018-09-27,0.174027207,0.016310854,-0.178040736,0.320410388,-0.358495839,-0.005157625,51,72.18,0.013577168190634382,0.04419506788584092,1.0,1.0
216,314,2018-09-28,0.10836417,0.021794382,-0.19182006,0.463122033,-0.34423798299999997,0.011444508,30,73.16,0.03020776380535823,0.02733734281027884,1.0,1.0
217,317,2018-10-01,0.20271065600000002,0.058568221,-0.089559507,0.415435159,-0.317022266,0.054026452999999995,52,75.37,-0.002786254477909088,0.013665914820220261,0.0,1.0
218,318,2018-10-02,0.035601337999999996,-0.021873351,-0.272911412,0.37532219,-0.39332785200000003,-0.055437817,45,75.16,0.016498137307078355,-0.009579563597658314,1.0,0.0
219,319,2018-10-03,0.171020738,0.026188944,-0.18466343899999998,0.42770759799999997,-0.332788159,0.021493137000000002,55,76.4,-0.025654450261780207,-0.028010471204188488,0.0,0.0
220,320,2018-10-04,0.157249725,0.0189083,-0.23213548899999997,0.37445452700000004,-0.306971565,0.0023011,50,74.44,-0.0024180548092422437,-0.0022837184309511247,0.0,0.0
221,321,2018-10-05,0.264548406,0.012016508,-0.239789467,0.45264417,-0.46575711,0.004732501,41,74.26,0.00013466199838393353,0.009291677888499834,1.0,1.0
222,324,2018-10-08,0.21376666,0.050714943,-0.324634187,0.253039322,-0.42555071899999997,-0.046532795999999994,53,74.27,0.009155782954086533,-0.014676181499932533,1.0,0.0
223,325,2018-10-09,-0.041263701,0.013695923,-0.252653859,0.346763765,-0.35982373799999995,-0.058656322000000004,47,74.95,-0.023615743829219427,-0.053102068045363625,0.0,0.0
224,326,2018-10-10,0.044731745999999996,-0.009446133,-0.313364747,0.20554134100000002,-0.439349526,-0.102377464,44,73.18,-0.030199508062312214,-0.024186936321399427,0.0,0.0
225,327,2018-10-11,-0.433238778,-0.09273137199999999,-0.547691999,0.012424168999999999,-0.665341035,-0.345315803,66,70.97,0.006199802733549355,0.012258700859518171,1.0,1.0
226,328,2018-10-12,-0.22936293600000002,-0.046535796,-0.377346167,0.33782311299999995,-0.480349378,-0.159154233,40,71.41,0.006021565607057931,0.00728189329225613,1.0,1.0
227,331,2018-10-15,-0.304130413,-0.09255494800000001,-0.42872401299999996,0.184064165,-0.588410294,-0.245951101,67,71.84,0.0012527839643653035,-0.030762806236080287,1.0,0.0
228,332,2018-10-16,-0.167254014,-0.042357083,-0.34965744299999996,0.243772452,-0.513108593,-0.16572093599999999,59,71.93,-0.03197553176699584,-0.04587793688308093,0.0,0.0
229,333,2018-10-17,-0.052833544,-0.0083234,-0.282466798,0.32546215100000003,-0.38536167,-0.080704652,46,69.63,-0.01436162573603332,-0.006749964095935644,0.0,0.0
230,334,2018-10-18,-0.077793744,-0.023609408,-0.24991802899999999,0.330793544,-0.521738933,-0.10845331400000001,57,68.63,0.007722570304531563,0.009033950167565271,1.0,1.0
231,335,2018-10-19,-0.35945794600000003,-0.06913791799999999,-0.349960376,0.322346711,-0.519330991,-0.19510810399999998,50,69.16,0.0013013302486987192,-0.0386061307113939,1.0,0.0
232,338,2018-10-22,-0.389612038,-0.097736301,-0.362326336,0.155743167,-0.448240669,-0.228434435,52,69.25,-0.03985559566787011,-0.038844765342960254,0.0,0.0
233,339,2018-10-23,-0.50794127,-0.09076115800000001,-0.40724556700000003,0.103402464,-0.569314807,-0.294372068,63,66.49,0.0010527898932171363,0.011430290269213493,1.0,1.0
234,340,2018-10-24,-0.175758647,-0.061437072999999995,-0.37356765299999994,0.14516117,-0.42968755299999994,-0.17905795100000002,56,66.56,0.010366586538461503,0.015324519230769171,1.0,1.0
235,341,2018-10-25,0.044154415,0.031670726,-0.277480195,0.24147156,-0.336137158,-0.05926413,44,67.25,0.004907063197025997,-0.0037174721189591076,1.0,0.0
236,342,2018-10-26,-0.162173717,-0.047593040999999996,-0.334633976,0.15199542800000002,-0.38266707,-0.155014475,40,67.58,-0.008582420834566415,-0.020716188221367143,0.0,0.0
237,345,2018-10-29,-0.11579536300000001,-0.038750061,-0.320134757,0.168216394,-0.419802955,-0.145253348,37,67.0,-0.012238805970149152,-0.025223880597014893,0.0,0.0
238,346,2018-10-30,0.212186525,0.042145651,-0.146868104,0.302983188,-0.26875683300000003,0.028338085,49,66.18,-0.013145965548504147,-0.03792686612269575,0.0,0.0
239,347,2018-10-31,-0.002130402,-0.00162463,-0.235451813,0.309819108,-0.200730797,-0.026023706,53,65.31,-0.025111009033838623,-0.0335323840146992,0.0,0.0
240,348,2018-11-01,0.198702479,0.022375967000000004,-0.25925284600000004,0.221163628,-0.343154103,-0.032032975,46,63.67,-0.008638291188943053,-0.008638291188943053,0.0,0.0
241,349,2018-11-02,0.308713729,0.064098219,-0.210032021,0.34071534299999995,-0.444768568,0.01174534,35,63.12,0.0,-0.015209125475285185,0.0,0.0
242,352,2018-11-05,0.22354816100000002,0.067295149,-0.404661785,0.10171041900000001,-0.580539141,-0.118529439,62,63.12,-0.015209125475285185,-0.022655259822560198,0.0,0.0
243,353,2018-11-06,-0.028575935,-0.013970328999999998,-0.270237915,0.36553376200000004,-0.306959318,-0.050841947,52,62.16,-0.007561132561132543,-0.02332689832689826,0.0,0.0
244,354,2018-11-07,0.056608042000000004,-0.016892396,-0.215266182,0.30350631100000003,-0.239976498,-0.022404143999999997,42,61.69,-0.015885881017993143,-0.024315124007132437,0.0,0.0
245,355,2018-11-08,0.07953068,0.016739305,-0.36486686799999996,0.09802638,-0.347208905,-0.10355588199999999,44,60.71,-0.008565310492505404,-0.014165705814528074,0.0,0.0
246,356,2018-11-09,-0.0734053,-0.037942292999999995,-0.422123384,-0.080108175,-0.470607141,-0.21683725899999998,49,60.19,-0.005648778866921354,-0.07576009303871067,0.0,0.0
247,359,2018-11-12,-0.089551622,-0.04677652400000001,-0.408127115,0.09856708,-0.478890225,-0.184955681,75,59.85,-0.07050960735171259,-0.06165413533834595,0.0,0.0
248,360,2018-11-13,-0.050678505,-0.002486976,-0.407293736,0.210020078,-0.458900377,-0.14186790300000002,64,55.63,0.009527233507100377,0.014740248067589435,1.0,1.0
249,361,2018-11-14,-0.081739753,-0.037585424,-0.432848602,0.129636979,-0.52588506,-0.189684372,57,56.16,0.005163817663817775,0.005876068376068472,1.0,1.0
250,362,2018-11-15,-0.02788688,-0.034721443,-0.271759193,0.189146741,-0.328237932,-0.094691741,44,56.45,0.0007085916740478148,0.01257750221434887,1.0,1.0
251,363,2018-11-16,-0.136667953,-0.023559507,-0.37144913399999996,0.17250992699999998,-0.447808882,-0.16139511,35,56.49,0.01186050628429801,-0.05487696937511066,1.0,0.0
252,366,2018-11-19,-0.177017702,-0.033123433,-0.280393785,0.049059375999999995,-0.500726839,-0.188440477,46,57.16,-0.06595521343596915,-0.04811056682995102,0.0,0.0
253,367,2018-11-20,-0.371747813,-0.11808659699999999,-0.509356376,-0.081617603,-0.591555765,-0.334472831,47,53.39,0.019104701254916576,-0.03614909159018542,1.0,0.0
254,368,2018-11-21,-0.093926784,-0.047268356,-0.355026031,0.291409376,-0.37396457200000005,-0.115755274,46,54.41,-0.05421797463701518,-0.05697482080499898,0.0,0.0
255,373,2018-11-26,-0.060328255,-0.00476814,-0.28769970699999997,0.15823928,-0.410453035,-0.121001971,63,51.46,-0.002914885347842957,-0.02720559657986783,0.0,0.0
256,374,2018-11-27,-0.06378930599999999,-0.039716231,-0.427417755,0.123506126,-0.535744772,-0.18863238699999998,41,51.31,-0.02436172286104073,0.00292340674332486,0.0,1.0
257,375,2018-11-28,0.067250956,0.016664377,-0.266662281,0.169950237,-0.304338507,-0.063427044,52,50.06,0.027966440271673963,0.014382740711146601,1.0,1.0
258,376,2018-11-29,0.15658677,0.018616943,-0.36178435299999995,0.23538219800000001,-0.397123514,-0.06966439099999999,45,51.46,-0.013214146910221526,0.029537504858142168,0.0,1.0
259,377,2018-11-30,0.020062721000000002,0.024273042999999998,-0.266576678,0.263712557,-0.40405144600000004,-0.07251596099999999,56,50.78,0.04332414336352886,0.04785348562426151,1.0,1.0
260,380,2018-12-03,0.227064245,0.03789746,-0.170326248,0.430258377,-0.261272901,0.052724187,65,52.98,0.004341260853152208,-0.00641751604379004,1.0,0.0
261,381,2018-12-04,-0.323720372,-0.089970219,-0.509897853,0.029938257000000003,-0.619443221,-0.30261868199999997,50,53.21,-0.010712272129299009,-0.031385077992858515,0.0,0.0
262,382,2018-12-05,-0.33704909,-0.06555806,-0.475306548,0.100523525,-0.438870802,-0.243252195,65,52.64,-0.020896656534954434,0.002279635258358614,0.0,1.0
263,383,2018-12-06,-0.451220484,-0.110530065,-0.50185303,-0.16253474,-0.714514511,-0.388130566,69,51.54,0.023670935195964277,-0.009119130772215734,1.0,0.0
264,384,2018-12-07,0.07332663099999999,-0.013660635,-0.36654819299999997,0.172567644,-0.457600219,-0.118382954,57,52.76,-0.032031842304776306,-0.02103866565579984,0.0,0.0
265,387,2018-12-10,-0.237423742,-0.058564717,-0.414766611,0.141021237,-0.41663665,-0.19727409699999998,53,51.07,0.01135696103387504,-0.0005874290189935605,1.0,0.0
266,388,2018-12-11,-0.200203694,-0.053435229,-0.42115728399999997,0.262017546,-0.555165544,-0.193588841,49,51.65,-0.01181026137463697,0.020135527589545,0.0,1.0
267,389,2018-12-12,0.186953389,-0.0071922390000000004,-0.30060704,0.31710802,-0.42880004200000005,-0.046507582,49,51.04,0.032327586206896526,0.004310344827586184,1.0,1.0
268,390,2018-12-13,0.043680684000000004,-0.002919353,-0.26199588100000004,0.16157481199999998,-0.38935602799999997,-0.08980315300000001,38,52.69,-0.02713987473903966,-0.05484911747959766,0.0,0.0
269,391,2018-12-14,-0.305334881,-0.066098322,-0.522236583,0.17478706800000002,-0.568624609,-0.257501465,23,51.26,-0.028482247366367557,-0.10027311744049942,0.0,0.0
270,394,2018-12-17,-0.07200720099999999,0.018665009,-0.35617399200000005,0.192841307,-0.470516469,-0.137438269,36,49.8,-0.07389558232931727,-0.036947791164658565,0.0,0.0
271,395,2018-12-18,-0.258269009,-0.058143083,-0.556511171,0.007368047,-0.630174957,-0.299146035,44,46.12,0.03989592367736348,-0.01040763226365995,1.0,0.0
272,396,2018-12-19,0.36395404200000003,0.046431731,-0.301399535,0.147711031,-0.385925101,-0.025845566,51,47.96,-0.04837364470391994,-0.05379482902418679,0.0,0.0
273,397,2018-12-20,-0.081301312,-0.020493854,-0.419052135,0.11582272800000001,-0.503417827,-0.18168848,44,45.64,-0.005696757230499518,0.008764241893076218,0.0,1.0
274,398,2018-12-21,-0.06876401900000001,-0.042717393,-0.38829992399999996,0.156678886,-0.551041144,-0.178828719,42,45.38,0.01454385191714404,-0.019832525341560284,1.0,0.0
275,403,2018-12-26,-0.08217155,-0.004851396,-0.268830671,0.337731368,-0.334139604,-0.070452371,30,46.04,-0.03388357949609041,-0.019331016507384894,0.0,0.0
276,404,2018-12-27,-0.19863198399999998,-0.021911906000000002,-0.35441003600000004,0.14015366099999998,-0.465295004,-0.18001905399999998,33,44.48,0.01506294964028781,0.04114208633093538,1.0,1.0
277,405,2018-12-28,-0.10377437699999999,-0.022835892000000003,-0.338899736,0.255126248,-0.423869084,-0.126850568,25,45.15,0.02569213732004438,0.03920265780730904,1.0,1.0
278,410,2019-01-02,-0.24585583600000002,-0.064575249,-0.529764345,0.045349321,-0.601056727,-0.279180567,48,46.31,0.013172101058086793,0.031310732023321006,1.0,1.0
279,411,2019-01-03,-0.14896489599999999,-0.041647647,-0.325519508,0.062100289,-0.495533273,-0.189913007,36,46.92,0.017902813299232656,0.02877237851662407,1.0,1.0
280,412,2019-01-04,0.208433747,0.039597038,-0.176915237,0.38143342,-0.392463774,0.012017038999999998,31,47.76,0.010678391959799102,0.03810720268006701,1.0,1.0
281,415,2019-01-07,-0.010285811,-0.017856165,-0.111684321,0.33984571,-0.285856754,-0.017167468,46,48.27,0.02713900973689652,0.081209861197431,1.0,1.0
282,416,2019-01-08,0.47410787600000004,0.068894299,-0.080430028,0.35797908799999995,-0.243377838,0.115434679,43,49.58,0.0526421944332392,0.05728116175877377,1.0,1.0
283,417,2019-01-09,0.405291749,0.09174744,-0.09203436,0.41118026,-0.12083982900000001,0.139069052,41,52.19,0.004406974516190917,-0.014370569074535352,1.0,0.0
284,418,2019-01-10,-0.01682871,0.006385836,-0.319728744,0.25398124899999996,-0.338185708,-0.082875216,37,52.42,-0.0186951545211752,-0.040251812285387246,0.0,0.0
285,419,2019-01-11,0.303372645,0.043848017999999996,-0.293002916,0.22895019,-0.35019721,-0.013405855,26,51.44,-0.021967340590979694,0.006998444790046646,0.0,1.0
286,422,2019-01-14,-0.137457335,-0.049407809000000004,-0.274170051,0.050565669,-0.338187156,-0.149731336,39,50.31,0.029616378453587652,0.03518187239117464,1.0,1.0
287,423,2019-01-15,0.078239642,0.011160155,-0.236829895,0.26622338,-0.38017750200000006,-0.052276844,44,51.8,0.005405405405405427,0.0005791505791506011,1.0,1.0
288,424,2019-01-16,0.077793986,-0.009083375,-0.16855844399999997,0.37040964299999996,-0.466978943,-0.039283427,29,52.08,-0.004800307219662059,0.029185867895545375,0.0,1.0
289,425,2019-01-17,0.166557196,-0.010738059,-0.322686957,0.157188495,-0.410965982,-0.08412906099999999,37,51.83,0.03415010611614901,0.01466332240015445,1.0,1.0
290,426,2019-01-18,0.348318165,0.061459933,-0.144926923,0.369785971,-0.21986076,0.08295527700000001,36,53.6,-0.018843283582089514,-0.021641791044776187,0.0,0.0
291,430,2019-01-22,-0.038968897,-0.038917817,-0.360843491,0.158266289,-0.5602779689999999,-0.168148377,40,52.59,-0.00285225328009138,0.006655257653546193,0.0,1.0
292,431,2019-01-23,0.11521379400000001,-0.008884305,-0.317554879,0.223006525,-0.44064754100000003,-0.08577328099999999,44,52.44,0.009534706331045004,0.020785659801678173,1.0,1.0
293,432,2019-01-24,0.108794553,-0.010531196000000001,-0.270927723,0.313034337,-0.46552971,-0.06503194799999999,49,52.94,0.01114469210426905,-0.02172270494899884,1.0,0.0
294,433,2019-01-25,0.36381415899999997,0.041712886,-0.309853331,0.251163414,-0.391830151,-0.008998604,27,53.53,-0.032505137306183485,-0.008593312161404836,0.0,0.0
295,436,2019-01-28,-0.017336821000000002,-0.010675986,-0.37965772600000003,0.152431627,-0.598469047,-0.17074159100000003,57,51.79,0.024715195983780674,0.046147905000965446,1.0,1.0
296,437,2019-01-29,-0.044512647999999995,-0.020577387,-0.37194479999999996,0.25368236899999996,-0.513420736,-0.13935464,61,53.07,0.020915771622385518,0.014509138873186417,1.0,1.0
297,438,2019-01-30,-0.039573957,-0.015744834,-0.23532782600000002,0.38376047,-0.48768321200000003,-0.078913872,40,54.18,-0.006275378368401556,0.020487264673311176,0.0,1.0
298,439,2019-01-31,0.175141324,0.030176495,-0.087498434,0.35947314700000005,-0.28923268,0.03761197,63,53.84,0.026931649331352073,0.013558692421991026,1.0,1.0
299,440,2019-02-01,0.424792479,0.092085783,0.051926455,0.377058623,-0.090109954,0.171150677,32,55.29,-0.013022246337493198,-0.028938325194429397,0.0,0.0
300,443,2019-02-04,-0.065394039,-0.017707907,-0.325431685,0.371625469,-0.510375645,-0.109456762,40,54.57,-0.016126076598863892,-0.011544804837823027,0.0,0.0
301,444,2019-02-05,0.335269527,0.061690012999999995,-0.120409915,0.33569170200000004,-0.25835882600000004,0.07077649999999999,50,53.69,0.004656360588563979,-0.018811696777798436,1.0,0.0
302,445,2019-02-06,0.027366373,0.015588589,-0.248921607,0.231448971,-0.428149066,-0.080533348,44,53.94,-0.023359288097886503,-0.022061549870226137,0.0,0.0
303,446,2019-02-07,-0.031119391,0.001078272,-0.40608956799999996,0.065471708,-0.580806846,-0.190293165,43,52.68,0.0013287775246773022,-0.004745634016704632,1.0,0.0
304,447,2019-02-08,0.048120602,0.011120382,-0.36691119299999997,0.104409531,-0.519529901,-0.144558116,38,52.75,-0.006066350710900479,0.007393364928909963,0.0,1.0
305,450,2019-02-11,0.10036105699999999,0.008264771,-0.341033209,0.305544231,-0.440778612,-0.073528352,49,52.43,0.013541865344268565,0.026893000190730567,1.0,1.0
306,451,2019-02-12,0.301566891,0.038720177,-0.08134320099999999,0.34263674200000005,-0.32272037600000003,0.055772047000000005,49,53.14,0.013172751223184096,0.02371095220173124,1.0,1.0
307,452,2019-02-13,0.281857277,0.05128078900000001,-0.048249636,0.339602305,-0.31182454800000003,0.062533237,55,53.84,0.010401188707280741,0.03231797919762249,1.0,1.0
308,453,2019-02-14,0.14342395800000002,-0.00603883,-0.251989423,0.20519551600000002,-0.460890139,-0.074059784,52,54.4,0.02169117647058823,0.03161764705882351,1.0,1.0
309,454,2019-02-15,0.100078301,-0.018398509,-0.23401757899999998,0.358086258,-0.33988973899999997,-0.026828254,41,55.58,0.00971572508096436,0.023749550197912923,1.0,1.0
310,458,2019-02-19,0.284597031,0.063135423,-0.134966222,0.310396291,-0.27358767,0.04991497,35,56.12,0.013898788310762673,0.01478973627940138,1.0,1.0
311,459,2019-02-20,0.475195346,0.086610941,-0.053086528,0.42800171600000003,-0.17480366,0.152383563,46,56.9,0.0008787346221441875,0.0019332161687170375,1.0,1.0
312,460,2019-02-21,0.13578357800000002,0.007900793,-0.157807897,0.365856639,-0.250945387,0.020157545,40,56.95,0.0010535557506583875,-0.028621597892888543,1.0,0.0
313,461,2019-02-22,0.255494994,0.052072359000000006,-0.040180806,0.409412271,-0.195202883,0.09631918699999999,36,57.01,-0.029643922118926466,-0.02824065953341518,0.0,0.0
314,464,2019-02-25,0.296222122,0.032077409,-0.269024522,0.408066366,-0.297578439,0.033952587,40,55.32,0.001446131597975385,0.02892263195950834,1.0,1.0
315,465,2019-02-26,0.07071389,0.046104042000000005,-0.254860704,0.303272547,-0.34524593200000003,-0.036003231000000004,44,55.4,0.027436823104693198,0.03267148014440437,1.0,1.0
316,466,2019-02-27,-0.040832417,-0.00249055,-0.23118175,0.28641886899999996,-0.39801021299999995,-0.077219212,60,56.92,0.0050948699929725776,-0.020379479971890435,1.0,0.0
317,467,2019-02-28,0.047840497999999995,-0.042063852,-0.20495258,0.302706022,-0.332343836,-0.04576275,42,57.21,-0.02534521936724354,-0.010662471595874837,0.0,0.0
318,468,2019-03-01,0.140800567,0.01440892,-0.198036281,0.194304156,-0.43848404,-0.057401336,37,55.76,0.015064562410330048,0.014167862266857949,1.0,1.0
319,471,2019-03-04,0.249708842,0.044963542,-0.24397032300000002,0.308708933,-0.48680583299999997,-0.025478967999999998,31,56.6,-0.0008833922261484852,-0.00671378091872796,0.0,0.0
320,472,2019-03-05,0.365333831,0.040877745,-0.081326098,0.303753357,-0.269832928,0.071761181,37,56.55,-0.00583554376657822,0.0008841732979664768,0.0,1.0
321,473,2019-03-06,0.21473897399999997,0.047069614,-0.16992362,0.334097508,-0.325260951,0.020144305,40,56.22,0.006759160441124201,-0.008004268943436425,1.0,0.0
322,474,2019-03-07,-0.188907462,0.0038173540000000002,-0.28648497100000003,0.28041297600000004,-0.47632047,-0.133496515,35,56.6,-0.014664310954063575,0.0033568904593639175,0.0,1.0
323,475,2019-03-08,-0.019816267,-0.025148224,-0.356951885,0.129468176,-0.46781486899999997,-0.148052614,42,55.77,0.018289402904787446,0.020082481620943112,1.0,1.0
324,478,2019-03-11,0.203409051,0.027824787,-0.18213722699999998,0.35714591799999995,-0.24827323,0.03159386,62,56.79,0.0017608733932030537,0.026060926219404895,1.0,1.0
325,479,2019-03-12,0.152820121,0.007913021,-0.24824498600000003,0.271082942,-0.429237125,-0.049133205,62,56.89,0.024257338723853095,0.029882228862717575,1.0,1.0
326,480,2019-03-13,0.099825892,-0.001141668,-0.277186753,0.335240839,-0.37745055299999997,-0.044142449,44,58.27,0.0054916766775356144,0.0041187575081516195,1.0,1.0
327,481,2019-03-14,0.26974126,0.04794840400000001,-0.277450606,0.251780383,-0.27691542399999997,0.003020803,42,58.59,-0.001365420720259522,0.008533879501621437,0.0,1.0
328,482,2019-03-15,0.30373787399999996,0.044281297000000004,-0.24940587399999997,0.35246503799999995,-0.35548051700000005,0.019119564,40,58.51,0.00991283541275005,0.01042556827892667,1.0,1.0
329,485,2019-03-18,0.214344162,0.030852347999999998,-0.22120068699999998,0.42482200200000003,-0.261737917,0.037415981,44,59.09,0.00050770011846326,0.01743103740057529,1.0,1.0
330,486,2019-03-19,0.093203915,-0.009826376,-0.23227806199999998,0.34016658899999996,-0.39492270799999996,-0.040731328,37,59.12,0.016914749661705007,0.014546684709066298,1.0,1.0
331,487,2019-03-20,-0.030211845,5.0865699999999996e-05,-0.28299213300000003,0.189768937,-0.43900431,-0.11247769699999999,34,60.12,-0.0023286759813706016,-0.020791749833666003,0.0,0.0
332,488,2019-03-21,0.040715699,-0.004206478,-0.32798381,0.22466292399999999,-0.447658832,-0.102894099,43,59.98,-0.018506168722907626,-0.02117372457485822,0.0,0.0
333,489,2019-03-22,-0.221062106,-0.049461984,-0.407365214,0.149415814,-0.428387525,-0.19137220300000002,30,58.87,-0.0027178528962119347,0.016986580601324953,0.0,1.0
334,492,2019-03-25,-0.333361908,-0.051605304000000005,-0.38153297700000005,0.25229230199999997,-0.40307,-0.18345557699999998,28,58.71,0.019758133197070288,0.011582353943110198,1.0,1.0
335,493,2019-03-26,0.055476457,-0.002433059,-0.338822675,0.311824208,-0.305885672,-0.055968147999999995,55,59.87,-0.008017370970435892,-0.009687656589276738,0.0,0.0
336,494,2019-03-27,-0.056308334,-0.020557327,-0.37179205299999996,0.15845005199999998,-0.509813292,-0.160004191,37,59.39,-0.0016837851490150097,0.013470281192119838,0.0,1.0
337,495,2019-03-28,-0.25954716699999997,-0.041610215,-0.289032513,0.18284719800000002,-0.40466133200000004,-0.162400806,33,59.29,0.015179625569235935,0.038792376454714186,1.0,1.0
338,496,2019-03-29,0.206469132,0.023828812,-0.253222378,0.352732755,-0.35866556200000005,-0.005771448,33,60.19,0.023259677687323572,0.03887688984881215,1.0,1.0
339,499,2019-04-01,0.19080241399999998,0.027150601,-0.09071707,0.363734877,-0.29460944699999997,0.039272275,42,61.59,0.01526221789251498,0.014125669751583006,1.0,1.0
340,500,2019-04-02,0.15867336699999998,0.006956914,-0.192606256,0.357529559,-0.403684221,-0.014626127,40,62.53,-0.001119462657924201,-0.0065568527106989235,0.0,0.0
341,501,2019-04-03,0.260883231,0.047547045,-0.095420183,0.36190878600000004,-0.376427169,0.039698342000000005,28,62.46,-0.005443483829651031,0.010246557796990083,0.0,1.0
342,502,2019-04-04,-0.020598612,0.0046997079999999995,-0.207573691,0.145834682,-0.299463986,-0.07542038,29,62.12,0.015775917578879653,0.03622021893110121,1.0,1.0
343,503,2019-04-05,0.22269534600000002,0.010007634,-0.288102835,0.28982178399999997,-0.548900233,-0.06289566099999999,26,63.1,0.020126782884310666,0.015055467511885828,1.0,1.0
344,506,2019-04-08,0.260920432,0.013250169,-0.17612718300000002,0.314628063,-0.34524913799999996,0.013484468999999999,53,64.37,-0.0049712599036819535,0.0038837967997514366,0.0,1.0
345,507,2019-04-09,0.165172073,-0.002719757,-0.333227565,0.262506919,-0.44536909700000005,-0.070727485,54,64.05,0.008899297423887703,-0.00686963309914126,1.0,0.0
346,508,2019-04-10,-0.016861686,-0.0053254819999999994,-0.377970574,0.246414837,-0.46209016799999997,-0.123166615,35,64.62,-0.01562983596409788,-0.011761064685855851,0.0,0.0
347,509,2019-04-11,0.08753167,-0.022971706,-0.379460203,0.20297393800000002,-0.492317833,-0.12084882699999999,48,63.61,0.003930199654142431,-0.0028297437509825453,1.0,0.0
348,510,2019-04-12,0.528045487,0.12054721800000001,-0.044316997999999996,0.546878025,-0.168283319,0.196574083,41,63.86,-0.006733479486376444,0.0023488881929221057,0.0,1.0
349,513,2019-04-15,0.30078341199999997,0.022050702000000002,-0.253320616,0.160033905,-0.488452514,-0.051781022,45,63.43,0.009143938199590184,0.0048872773135740545,1.0,1.0
350,514,2019-04-16,0.368206265,0.052161262,-0.156668788,0.35854819200000004,-0.186172783,0.08721483,36,64.01,-0.004218090923293284,0.00015622558975145922,0.0,1.0
351,515,2019-04-17,0.432097755,0.03853318,-0.107555104,0.372371314,-0.253808925,0.096327644,55,63.74,0.004392845936617415,0.030122372136805686,1.0,1.0
352,516,2019-04-18,0.129224827,-0.012572958,-0.26808383399999997,0.218022653,-0.32853010899999996,-0.052387884,42,64.02,0.025616994689159647,0.034676663542642906,1.0,1.0
353,520,2019-04-22,0.062315666,-0.012729298,-0.238796185,0.26688289,-0.23264043399999998,-0.030993472,53,65.66,0.008833384099908595,0.00456899177581476,1.0,1.0
354,521,2019-04-23,0.12328624199999999,-0.002081633,-0.253401057,0.41183522,-0.337379356,-0.011548117,69,66.24,-0.004227053140096636,-0.015247584541062665,0.0,0.0
355,522,2019-04-24,0.263829773,0.055522394,-0.145248725,0.365791844,-0.231058595,0.061767338,59,65.96,-0.01106731352334733,-0.040479078229229755,0.0,0.0
356,523,2019-04-25,-0.084769841,-0.0041402209999999995,-0.26914735100000003,0.30539062699999997,-0.30177787100000003,-0.070888931,44,65.23,-0.029740916756093895,-0.02820787980990347,0.0,0.0
357,524,2019-04-26,0.378505775,0.058689387,-0.293863196,0.126761544,-0.412264739,-0.028434246,53,63.29,0.0015800284405119516,0.008532153578764405,1.0,1.0
358,527,2019-04-29,0.25312076699999997,0.035206821,-0.23009593399999997,0.36818033299999997,-0.327598636,0.01976267,66,63.39,0.006941157911342447,0.0025240574223063038,1.0,1.0
359,528,2019-04-30,0.309725615,0.044832305999999995,-0.15311859,0.319594565,-0.34631632,0.034943515,56,63.83,-0.004386652044493203,-0.03258655804480649,0.0,0.0
360,529,2019-05-01,0.35571312200000005,0.04272265099999999,-0.159533449,0.372055721,-0.338717438,0.054448122,49,63.55,-0.028324154209283983,-0.02470495672698663,0.0,0.0
361,530,2019-05-02,-0.08512214900000001,-0.016843711,-0.35941293799999996,0.183963656,-0.495365073,-0.154556043,44,61.75,0.0037246963562752532,0.008906882591093072,1.0,1.0
362,531,2019-05-03,0.165548555,0.009887734,-0.24157977600000002,0.159060597,-0.34596273200000005,-0.050609124000000005,50,61.98,0.0051629557921910344,-0.009196515004840276,1.0,0.0
363,534,2019-05-06,-0.034254707999999995,0.014749336000000002,-0.184836738,0.226032984,-0.36118657200000004,-0.06789914,39,62.3,-0.014285714285714296,-0.0027287319422150016,0.0,0.0
364,535,2019-05-07,-0.113072671,-0.016911332,-0.36181648899999996,0.062181350999999996,-0.599314421,-0.205786713,44,61.41,0.011724474841231168,0.0027682787819573638,1.0,1.0
365,536,2019-05-08,-0.33956595700000003,-0.06052039099999999,-0.380255469,0.03947027,-0.447968264,-0.237767962,50,62.13,-0.008852406244970292,-0.007725736359246805,0.0,0.0
366,537,2019-05-09,-0.058267365,-0.029356458999999998,-0.490158972,0.097634745,-0.535982164,-0.203226043,39,61.58,0.0011367327054238436,-0.009905813575836302,1.0,0.0
367,538,2019-05-10,-0.19089746800000001,0.0050474529999999995,-0.34822951799999996,0.224507457,-0.540814554,-0.17007732600000003,37,61.65,-0.011030008110300077,0.002757502027575048,0.0,1.0
368,541,2019-05-13,-0.412000724,-0.09765172300000001,-0.499626258,0.11345593400000001,-0.6228409,-0.303732734,42,60.97,0.01394128259799904,0.017385599475151753,1.0,1.0
369,542,2019-05-14,-0.36341747399999996,-0.09800593,-0.46602796799999996,0.247854975,-0.48348450299999995,-0.23261618,53,61.82,0.0033969589129731617,0.01795535425428663,1.0,1.0
370,543,2019-05-15,-0.385142151,-0.09054766,-0.44964341799999996,0.077026809,-0.47785474200000005,-0.265232232,55,62.03,0.014509108495889062,0.01192971142995328,1.0,1.0
371,544,2019-05-16,-0.20422042199999998,-0.044126975,-0.296011108,0.251149461,-0.35312579299999997,-0.12926696699999998,38,62.93,-0.002542507548069229,0.0030192277133322377,0.0,1.0
372,545,2019-05-17,-0.374637464,-0.08882173300000001,-0.406184449,0.09515530900000001,-0.546644193,-0.264226506,25,62.77,0.005575912059901136,0.003982794328500876,1.0,1.0
373,548,2019-05-20,-0.324966872,-0.069253725,-0.47185387700000003,0.068363799,-0.5640444960000001,-0.272351034,32,63.12,-0.0015842839036754486,-0.02693282636248409,0.0,0.0
374,549,2019-05-21,-0.397733523,-0.073698019,-0.321041308,0.10434989900000001,-0.479381096,-0.23350081,32,63.02,-0.025388765471278982,-0.08521104411298007,0.0,0.0
375,550,2019-05-22,-0.224515785,-0.050193669,-0.31253616300000003,0.079344568,-0.468343567,-0.19524892300000002,30,61.42,-0.061380657766199984,-0.04916965157929018,0.0,0.0
376,551,2019-05-23,-0.350029875,-0.04988250599999999,-0.47819985200000004,0.097840416,-0.559908353,-0.268036034,39,57.65,0.013009540329575022,0.021856027753686003,1.0,1.0
377,552,2019-05-24,-0.460388896,-0.075325424,-0.47012412299999995,0.153892194,-0.5408682429999999,-0.278562898,28,58.4,0.008732876712328733,0.007534246575342548,1.0,1.0
378,556,2019-05-28,-0.07354068700000001,-0.048552219,-0.332976189,0.14584540699999998,-0.5253909179999999,-0.166922921,39,58.91,-0.0011882532676963705,-0.0414191139025632,0.0,0.0
379,557,2019-05-29,-0.049916102999999996,-0.029020346000000002,-0.332781925,0.09187408300000001,-0.525415922,-0.16905204199999999,36,58.84,-0.04027872195785188,-0.09092454112848404,0.0,0.0
380,558,2019-05-30,-0.44008200799999997,-0.10439005,-0.42449473600000004,0.044137365,-0.513577795,-0.287681445,50,56.47,-0.0527713830352399,-0.05702142730653442,0.0,0.0
381,559,2019-05-31,-0.402606927,-0.08928195,-0.435904885,0.08365239999999999,-0.582922687,-0.28541281,33,53.49,-0.004486819966348888,0.0001869508319311649,0.0,1.0
382,562,2019-06-03,-0.20307548,-0.044012699,-0.35923403200000004,0.065954947,-0.553861218,-0.218845696,29,53.25,0.004694835680751174,-0.03154929577464788,1.0,0.0
383,563,2019-06-04,-0.143967522,-0.037841709,-0.338406395,0.072408593,-0.577390442,-0.205039495,32,53.5,-0.03607476635514018,-0.01700934579439246,0.0,0.0
384,564,2019-06-05,-0.046197477,-0.011783858000000001,-0.41294410600000003,0.18597893100000001,-0.378795308,-0.132748363,28,51.57,0.019778941244909892,0.046150862904789654,1.0,1.0
385,565,2019-06-06,-0.050989882,0.006962996999999999,-0.227802153,0.319029274,-0.349270265,-0.060414006,46,52.59,0.02586042973949419,0.014071116181783512,1.0,1.0
386,566,2019-06-07,0.086439596,0.039788578,-0.192738845,0.214307286,-0.378144243,-0.046069526,42,53.95,-0.011492122335495913,-0.012048192771084442,0.0,0.0
387,569,2019-06-10,-0.056962452999999996,0.008025072,-0.287562227,0.225280742,-0.391960504,-0.100635874,37,53.33,-0.0005625351584474243,-0.0412525782861428,0.0,0.0
388,570,2019-06-11,0.252854831,0.040325374,-0.271406668,0.265832831,-0.47928121100000004,-0.038334968999999997,44,53.3,-0.040712945590994275,-0.01726078799249521,0.0,0.0
389,571,2019-06-12,-0.062279812999999996,-0.031418623,-0.436430809,0.181102367,-0.618356083,-0.193476592,53,51.13,0.024447486798357128,0.02620770584783877,1.0,1.0
390,572,2019-06-13,-0.30530763899999996,-0.099334892,-0.42414352899999996,0.320860893,-0.548378386,-0.21126071100000002,83,52.38,0.0017182130584191733,-0.008400152730049728,1.0,0.0
391,573,2019-06-14,-0.287037659,-0.08058447099999999,-0.465268413,0.24184602600000002,-0.5902610739999999,-0.23626111800000002,67,52.47,-0.010101010101010123,0.02649132837812084,0.0,1.0
392,576,2019-06-17,0.006339095,0.023254103999999998,-0.35167506299999995,0.297637307,-0.53336768,-0.11156244800000001,52,51.94,0.03696572968810169,0.034655371582595386,1.0,1.0
393,577,2019-06-18,-0.179403987,-0.009750783,-0.27047316899999996,0.184395907,-0.466149999,-0.148276406,43,53.86,-0.0022279985146676094,0.05607129595246942,0.0,1.0
394,578,2019-06-19,-0.034795146,-0.003494311,-0.217575233,0.273631481,-0.383621392,-0.07317092,36,53.74,0.058429475251209534,0.06717528842575361,1.0,1.0
395,579,2019-06-20,0.024718345,-0.015983637,-0.403216796,0.206856732,-0.422678061,-0.122060683,63,56.88,0.008263009845288306,0.014943741209563894,1.0,1.0
396,580,2019-06-21,-0.270042222,-0.081091603,-0.431396805,0.208547205,-0.461949977,-0.20718668,46,57.35,0.006625980819529127,0.004882301656495225,1.0,1.0
397,583,2019-06-24,-0.039298374,-0.003236331,-0.300298726,0.24792781600000002,-0.44988915399999996,-0.10895895400000001,54,57.73,-0.0017322016282694322,0.024943703447081324,0.0,1.0
398,584,2019-06-25,-0.21328907100000002,-0.045622459000000004,-0.361682405,0.078545719,-0.588952028,-0.226200049,31,57.63,0.026722193302099587,0.02689571403782747,1.0,1.0
399,585,2019-06-26,-0.14037403699999998,-0.049409315999999995,-0.291952889,0.259624209,-0.38385785,-0.121193977,50,59.17,0.0001690045631231707,-0.0163934426229508,1.0,0.0
400,586,2019-06-27,0.225639805,0.069473267,-0.29503588199999997,0.219556047,-0.419033563,-0.039880065,29,59.18,-0.0165596485299087,-0.004562352145995321,0.0,0.0
401,587,2019-06-28,0.222270799,0.057591822,-0.18524085199999998,0.17538980199999998,-0.45191665799999997,-0.036381017,35,58.2,0.012199312714776525,-0.037800687285223414,1.0,0.0
402,590,2019-07-01,0.377617762,0.074176862,-0.159110144,0.323954229,-0.21054871600000002,0.081217999,65,58.91,-0.04939738584281101,-0.0314038363605499,0.0,0.0
403,591,2019-07-02,-0.101760176,-0.04565077,-0.46575969799999994,0.125417318,-0.521840389,-0.201918743,44,56.0,0.018928571428571468,0.024107142857142883,1.0,1.0
404,592,2019-07-03,-0.18299127199999998,-0.025987068999999998,-0.316805123,0.248441245,-0.459206822,-0.14730980800000001,37,57.06,0.005082369435681723,0.008937960042060954,1.0,1.0
405,597,2019-07-08,-0.386313631,-0.069055515,-0.400591669,0.15236084,-0.543793702,-0.249478735,28,57.35,0.0038360941586747838,0.05108979947689624,1.0,1.0
406,598,2019-07-09,-0.100472547,-0.014712491000000001,-0.35600331700000004,0.057626233,-0.507785598,-0.18426954399999998,32,57.57,0.04707312836546814,0.040993573041514665,1.0,1.0
407,599,2019-07-10,0.13253325300000002,0.001950649,-0.288883664,0.295749933,-0.265285085,-0.024786983,45,60.28,-0.005806237558062399,-0.004810882548108812,0.0,0.0
408,600,2019-07-11,-0.392350346,-0.081430164,-0.442525095,0.25542499399999996,-0.535084101,-0.23919294300000002,45,59.93,0.0010011680293676335,-0.010512264308359796,1.0,0.0
409,601,2019-07-12,-0.113187076,-0.055931735999999996,-0.452472604,0.129761558,-0.496799747,-0.19772592100000003,33,59.99,-0.011501916986164441,-0.042507084514085754,0.0,0.0
410,604,2019-07-15,0.010346196,0.029445411,-0.282410006,0.20362734100000002,-0.41119051700000003,-0.090036315,31,59.3,-0.03136593591905564,-0.047217537942664374,0.0,0.0
411,605,2019-07-16,0.10104581900000001,0.047276865999999994,-0.287693975,0.28511943,-0.36456178,-0.043762728,28,57.44,-0.01636490250696375,-0.04108635097493035,0.0,0.0
412,606,2019-07-17,0.10278124599999999,-0.002196192,-0.383634662,0.19061530699999998,-0.46708151600000003,-0.11190316300000001,31,56.5,-0.02513274336283189,-0.01911504424778758,0.0,0.0
413,607,2019-07-18,-0.05007522,-0.037360702999999995,-0.38379239600000004,0.127461443,-0.5621168129999999,-0.181176738,47,55.08,0.006172839506172902,0.0143427741466957,1.0,1.0
414,608,2019-07-19,-0.277875407,-0.063078005,-0.320283857,0.23472114600000002,-0.515405921,-0.18838440899999997,42,55.42,0.008119812342114683,0.0209310718152291,1.0,1.0
415,611,2019-07-22,-0.02448284,-0.016974095,-0.359653271,0.289113036,-0.485511381,-0.11950171,51,55.87,0.012708072310721333,0.0005369608018614845,1.0,1.0
416,612,2019-07-23,0.131019769,0.028268589,-0.2934418,0.316324457,-0.383877846,-0.040341366000000003,45,56.58,-0.012018381053375746,-0.012371862849063199,0.0,0.0
417,613,2019-07-24,0.044441944000000004,0.023673386,-0.207532493,0.25869783399999996,-0.461487055,-0.06844127700000001,40,55.9,-0.00035778175313051915,0.0025044722719141425,0.0,1.0
418,614,2019-07-25,0.37414074700000005,0.09070322,-0.06821161,0.138261317,-0.43717604200000004,0.019543526999999998,30,55.88,0.0028632784538295737,0.01735862562634214,1.0,1.0
419,615,2019-07-26,0.65485993,0.112497604,-0.136694727,0.141355793,-0.40169322399999996,0.074065075,36,56.04,0.014453961456102825,0.03568879371877231,1.0,1.0
420,618,2019-07-29,-0.040184017999999995,0.017632911,-0.19909724199999998,0.275932964,-0.309360346,-0.051015146,25,56.85,0.020932277924362315,0.029551451187335088,1.0,1.0
421,619,2019-07-30,0.205313635,0.033819517,-0.085268088,0.269244256,-0.332491645,0.018123535,29,58.04,0.008442453480358408,-0.07580978635423843,1.0,0.0
422,620,2019-07-31,-0.13238971,-0.030051541,-0.287994438,0.23668121600000003,-0.424930455,-0.127736986,34,58.53,-0.08354689902614044,-0.048863830514266175,0.0,0.0
423,621,2019-08-01,-0.09170328800000001,-0.029650162999999997,-0.367413196,0.21335406,-0.505827083,-0.156247934,34,53.64,0.03784489187173753,0.01845637583892621,1.0,1.0
424,622,2019-08-02,-0.170739296,-0.0828264,-0.33814190000000005,0.136907685,-0.5417462510000001,-0.199309233,36,55.67,-0.018681516076881607,-0.03718340219148555,0.0,0.0
425,625,2019-08-05,-0.35644897799999997,-0.09760382,-0.380406126,0.09970186199999999,-0.550949668,-0.257141346,30,54.63,-0.018854109463664673,-0.06388431264872783,0.0,0.0
426,626,2019-08-06,-0.42772806700000005,-0.047426305,-0.50231854,-0.007398249,-0.60089913,-0.317154058,34,53.6,-0.04589552238805972,-0.018656716417910446,0.0,0.0
427,627,2019-08-07,-0.364144309,-0.127836536,-0.43168451700000005,0.19611505399999998,-0.633190667,-0.272148195,38,51.14,0.02854908095424327,0.06394211967148995,1.0,1.0
428,628,2019-08-08,-0.11453777,-0.015083962,-0.236466147,0.085106215,-0.376021341,-0.131400601,38,52.6,0.03441064638783261,0.0452471482889733,1.0,1.0
429,629,2019-08-09,-0.204501932,-0.062629409,-0.439810811,0.166094439,-0.535337007,-0.21523694399999999,27,54.41,0.010476015438338546,0.04852049255651536,1.0,1.0
430,632,2019-08-12,-0.074154474,0.013643918,-0.26224774100000003,0.264915423,-0.40931303700000005,-0.09343118199999999,34,54.98,0.03765005456529648,0.0032739177882866446,1.0,1.0
431,633,2019-08-13,-0.031231695,-0.032363117999999996,-0.385947783,0.331025448,-0.48657280700000005,-0.12101799099999999,28,57.05,-0.03312883435582823,-0.04452234881682733,0.0,0.0
432,634,2019-08-14,-0.414703009,-0.095247216,-0.45719779200000005,0.02512922,-0.558371792,-0.300078118,39,55.16,-0.011783901377809982,-0.0059825960841188965,0.0,0.0
433,635,2019-08-15,-0.42418686299999997,-0.068991875,-0.413919279,0.07098594,-0.5975686139999999,-0.28673613800000003,36,54.51,0.005870482480278853,0.0317372959090076,1.0,1.0
434,636,2019-08-16,-0.0038053809999999996,0.000432337,-0.314356237,0.313507713,-0.374276451,-0.075699604,20,54.83,0.025715848987780482,0.02462155754149191,1.0,1.0
435,639,2019-08-19,0.24949522,0.01841544,-0.208037007,0.36891929100000004,-0.387349075,0.008288774,37,56.24,-0.0010668563300142652,-0.010490753911806604,0.0,0.0
436,640,2019-08-20,0.063497526,-0.00677518,-0.37618294799999996,0.10600814199999999,-0.481355171,-0.138961526,34,56.18,-0.009433962264150964,-0.015129939480242105,0.0,0.0
437,641,2019-08-21,0.02519949,0.003621079,-0.316627327,0.235550774,-0.465562387,-0.10356367400000001,33,55.65,-0.005750224618149152,-0.028212039532794254,0.0,0.0
438,642,2019-08-22,-0.37697519799999996,-0.076022544,-0.37623530200000005,0.089928408,-0.5987629010000001,-0.267613507,32,55.33,-0.022591722392915237,-0.0323513464666546,0.0,0.0
439,643,2019-08-23,-0.165095297,-0.062280135,-0.368592271,0.110520953,-0.5569476179999999,-0.20847887399999998,33,54.08,-0.009985207100591701,0.016826923076923146,0.0,1.0
440,646,2019-08-26,-0.20111154,-0.037681757999999996,-0.34750123200000005,0.091793079,-0.428271842,-0.18455465899999998,35,53.54,0.027082555098991462,0.041464325737766136,1.0,1.0
441,647,2019-08-27,-0.029687584,-0.005876199,-0.322941518,0.326697491,-0.503066235,-0.106974809,26,54.99,0.014002545917439461,0.030551009274413524,1.0,1.0
442,648,2019-08-28,-0.188396888,-0.046525602,-0.23261283600000002,0.229339135,-0.48662251100000004,-0.14496374,41,55.76,0.016319942611190883,-0.012374461979913877,1.0,0.0
443,649,2019-08-29,0.23651759100000003,0.027522063,-0.325857713,0.272644237,-0.374281956,-0.032691156,33,56.67,-0.02823363331568734,-0.048703017469560704,0.0,0.0
444,650,2019-08-30,-0.045328062,0.010152931,-0.283316678,0.031767361,-0.457901925,-0.148925275,17,55.07,-0.021064100236063258,0.02088251316506262,0.0,1.0
445,654,2019-09-03,-0.366602285,-0.085047919,-0.415870808,-0.065929532,-0.573234238,-0.301336956,32,53.91,0.04284919309961051,0.04488963086625861,1.0,1.0
446,655,2019-09-04,0.11230778300000001,0.083466983,0.044088065999999995,0.396011359,-0.23363563899999998,0.08044771,29,56.22,0.0019565990750622453,0.00409107079331206,1.0,1.0
447,656,2019-09-05,0.302643422,0.035268447,-0.200359946,0.306308774,-0.42694086200000003,0.0033839670000000003,38,56.33,0.0021303035682585575,0.0275164210900054,1.0,1.0
448,657,2019-09-06,0.4989999,0.035167112,-0.192492293,0.269076073,-0.29048739,0.064052681,26,56.45,0.025332152347209914,0.01629760850309999,1.0,1.0
449,660,2019-09-09,0.308845885,0.094912645,-0.011710431,0.330573893,-0.223467768,0.099830845,60,57.88,-0.008811333794056757,-0.03835521769177619,0.0,0.0
450,661,2019-09-10,0.183526353,0.025547915,-0.239234248,0.322580537,-0.459707528,-0.033457394,50,57.37,-0.02980651908663066,-0.03904479693219444,0.0,0.0
451,662,2019-09-11,0.24813017,0.03874692,-0.263874398,0.24761762199999998,-0.457112335,-0.037298404,56,55.66,-0.009522098454904673,-0.01616960114983828,0.0,0.0
452,663,2019-09-12,0.214264564,0.052378444,-0.236698635,0.278525423,-0.338950924,-0.006096226,51,55.13,-0.006711409395973237,0.1445673861781244,0.0,1.0
453,664,2019-09-13,0.410951621,0.040889952,-0.15060273300000002,0.541750803,-0.45610781,0.077376367,19,54.76,0.15230094959824697,0.08217677136596056,1.0,1.0
454,667,2019-09-16,-0.466865205,-0.141163788,-0.44379287700000003,0.284428565,-0.47023059100000003,-0.24752477899999997,162,63.1,-0.06085578446909672,-0.07781299524564189,0.0,0.0
455,668,2019-09-17,-0.42709270899999996,-0.11741297099999999,-0.5035164670000001,0.104279526,-0.525202951,-0.29378911399999996,130,59.26,-0.018056024299696258,-0.018056024299696258,0.0,0.0
456,669,2019-09-18,-0.362963178,-0.09409696099999999,-0.500276687,0.20249867300000002,-0.651103611,-0.281188353,93,58.19,0.0,-0.004639972503866575,0.0,0.0
457,670,2019-09-19,-0.306484815,-0.070125466,-0.40310628600000004,0.260791848,-0.541731277,-0.212131199,48,58.19,-0.004639972503866575,0.008592541673827118,0.0,1.0
458,671,2019-09-20,-0.208246751,-0.057886944,-0.40796866,0.367164993,-0.477570097,-0.156901492,54,57.92,0.013294198895027556,-0.012085635359116071,1.0,0.0
459,674,2019-09-23,-0.17577123600000003,-0.020375032,-0.448426783,0.292282838,-0.530290359,-0.17651611399999997,41,58.69,-0.02504685636394614,-0.039359345714772453,0.0,0.0
460,675,2019-09-24,-0.151553792,-0.045406361,-0.515434347,0.278758436,-0.5764052470000001,-0.202008262,44,57.22,-0.014680181754631183,-0.0171268787137364,0.0,0.0
461,676,2019-09-25,-0.357167632,-0.083937599,-0.420658362,0.021838932999999998,-0.614812907,-0.290947513,47,56.38,-0.0024831500532103683,-0.007626818020574667,0.0,0.0
462,677,2019-09-26,-0.063363154,0.010798018000000001,-0.264745165,0.240913104,-0.440115635,-0.103302566,44,56.24,-0.005156472261735405,-0.03822901849217636,0.0,0.0
463,678,2019-09-27,-0.412418661,-0.058372073,-0.460210936,0.134822321,-0.555237639,-0.270283397,31,55.95,-0.03324396782841822,-0.04200178731009833,0.0,0.0
464,681,2019-09-30,-0.14671955,-0.050295219,-0.37231805700000004,0.313263158,-0.507377244,-0.15268938199999998,41,54.09,-0.0090589757811056,-0.026252542059530443,0.0,0.0
465,682,2019-10-01,-0.059608818,-0.017117741000000002,-0.428642609,0.17407504399999998,-0.355364694,-0.137331764,35,53.6,-0.01735074626865671,-0.022201492537313523,0.0,0.0
466,683,2019-10-02,-0.337281805,-0.089447086,-0.401992891,0.147317216,-0.539099045,-0.244100722,52,52.67,-0.004936396430605755,0.003227643820011424,0.0,1.0
467,684,2019-10-03,-0.22501416800000001,-0.104183704,-0.437563055,0.134215045,-0.587352845,-0.243979745,36,52.41,0.008204541118107362,0.006678114863575681,1.0,1.0
468,685,2019-10-04,-0.17046149100000002,-0.036213192000000005,-0.37657926700000005,0.130632937,-0.5126077410000001,-0.19304575100000002,27,52.84,-0.0015140045420137282,-0.0037850113550341184,0.0,0.0
469,688,2019-10-07,-0.090874712,-0.01085283,-0.393650321,0.261902452,-0.423901785,-0.131475439,32,52.76,-0.0022744503411675026,-0.0024639878695980944,0.0,0.0
470,689,2019-10-08,-0.332674934,-0.083656417,-0.50275071,0.185638319,-0.671389986,-0.280966745,24,52.64,-0.0001899696048631841,0.01766717325227963,0.0,1.0
471,690,2019-10-09,-0.34700060899999996,-0.052045329,-0.442677925,0.2772695,-0.503415988,-0.21357407,44,52.63,0.017860535816074437,0.040471214136424,1.0,1.0
472,691,2019-10-10,0.073565893,-0.025085671,-0.28239217,0.30170542300000003,-0.412595909,-0.068960487,41,53.57,0.022213925704685417,0.0,1.0,0.0
473,692,2019-10-11,0.028648517000000002,-0.062140012,-0.28534719399999997,0.432039199,-0.44213795,-0.065787488,46,54.76,-0.02173119065010953,-0.03560993425858283,0.0,0.0
474,695,2019-10-14,0.523868176,0.092001755,-0.192767391,0.33995779600000003,-0.272828301,0.09804640699999999,38,53.57,-0.014187044987866305,-0.0028000746686578045,0.0,0.0
475,696,2019-10-15,-0.19159115899999998,-0.035194431,-0.353794206,0.17060525,-0.428405905,-0.16767609,25,52.81,0.011550842643438732,0.0204506722211702,1.0,1.0
476,697,2019-10-16,0.149875857,0.035927615,-0.26262358199999997,0.352592316,-0.516204172,-0.048086393,23,53.42,0.008798202920254565,0.006177461624859571,1.0,1.0
477,698,2019-10-17,-0.0021705870000000003,-0.049360241,-0.395463499,0.160554592,-0.40536817,-0.13836158099999998,27,53.89,-0.0025978845796993983,-0.01131935424011875,0.0,0.0
478,699,2019-10-18,-0.12292896,0.008573322,-0.270363994,0.346031519,-0.36466631,-0.080670885,30,53.75,-0.008744186046511606,0.008558139534883737,0.0,1.0
479,702,2019-10-21,0.280365537,0.058275495999999996,-0.11990924,0.26683361,-0.338665115,0.029380057999999997,24,53.28,0.01745495495495495,0.04917417417417413,1.0,1.0
480,703,2019-10-22,0.166247394,0.015672989,-0.256428422,0.21397215600000002,-0.333089623,-0.038725101,39,54.21,0.031175059952038328,0.03504888396974725,1.0,1.0
481,704,2019-10-23,0.009375938,-0.013371521,-0.22922135899999999,0.17424061,-0.460548981,-0.103905063,24,55.9,0.003756708407871214,0.011091234347048382,1.0,1.0
482,705,2019-10-24,0.24489372,0.044131105,-0.169507737,0.27327238600000003,-0.305280132,0.017501868,26,56.11,0.007307075387631504,-0.009089288896809803,1.0,0.0
483,706,2019-10-25,0.316296847,-0.0007485430000000001,-0.264145318,0.297212915,-0.344829337,0.000757313,23,56.52,-0.016277423920736053,-0.020877565463552718,0.0,0.0
484,709,2019-10-28,0.21912704100000002,0.024241712999999998,-0.234854486,0.204587223,-0.455337571,-0.048447215999999994,39,55.6,-0.0046762589928057196,-0.013489208633093525,0.0,0.0
485,710,2019-10-29,0.244566562,0.028240786,-0.233751715,0.275671188,-0.416528668,-0.020360369,38,55.34,-0.008854354897000398,-0.023852547885796896,0.0,0.0
486,711,2019-10-30,0.186328889,0.035829949,-0.278090168,0.344499481,-0.504166047,-0.043119579000000005,39,54.85,-0.015132178669097508,0.02169553327256149,0.0,1.0
487,712,2019-10-31,0.20593687300000002,0.039819432,-0.276991869,0.188163915,-0.480335546,-0.06468143900000001,43,54.02,0.03739355794150307,0.0427619400222139,1.0,1.0
488,713,2019-11-01,0.13953395300000002,0.010156476,-0.190759645,0.320541251,-0.397632007,-0.023631994,30,56.04,0.005174875089221969,0.017844396859386154,1.0,1.0
489,716,2019-11-04,0.489837356,0.058305666,0.007773326999999999,0.39653375399999996,-0.2112377,0.14824248,43,56.33,0.012604296112196003,-0.0031954553523877104,1.0,0.0
490,717,2019-11-05,0.631968602,0.115932138,-0.12102925,0.292319245,-0.382412807,0.107355586,37,57.04,-0.015603085553997205,-0.00227910238429177,0.0,0.0
491,718,2019-11-06,0.11532121,-0.008083714,-0.20099140399999998,0.263487723,-0.273117334,-0.020676704,31,56.15,0.01353517364203024,0.015494211932324213,1.0,1.0
492,719,2019-11-07,0.098152672,0.02070593,-0.218242902,0.258054655,-0.41484539299999995,-0.051235007,28,56.91,0.0019328764716219742,-0.0052714812862413845,1.0,0.0
493,720,2019-11-08,0.192245031,0.024913236000000002,-0.39697028700000003,0.16101917300000002,-0.47611918700000005,-0.098982407,31,57.02,-0.007190459487899047,-0.00613819712381623,0.0,0.0
494,723,2019-11-11,0.173128941,0.014625596000000001,-0.17193398,0.31345465,-0.34214126200000006,-0.002573211,43,56.61,0.0010598834128246295,0.004769475357710707,1.0,1.0
495,724,2019-11-12,-0.00940094,-0.003915288,-0.207842825,0.21732009100000002,-0.39944824700000003,-0.080657442,30,56.67,0.003705664372683975,-0.001764602082230482,1.0,0.0
496,725,2019-11-13,0.17205268899999998,0.043151092,-0.174392472,0.270623913,-0.331670413,-0.004047038,31,56.88,-0.005450070323488085,0.0116033755274261,0.0,1.0
497,726,2019-11-14,-0.118776163,-0.045143857,-0.261980679,0.176140162,-0.517984734,-0.153549054,42,56.57,0.017146897648930508,0.0044193035177656,1.0,1.0
498,727,2019-11-15,0.6740488859999999,0.116603344,-0.19507899899999998,0.398066635,-0.34117883299999996,0.130492207,27,57.54,-0.012513034410844611,-0.045359749739311776,0.0,0.0
499,730,2019-11-18,0.244284428,0.040254148999999996,-0.282952572,0.20126646899999998,-0.31308691899999996,-0.022046889,35,56.82,-0.033262935586061255,-0.0019359380499823905,0.0,0.0
500,731,2019-11-19,0.090618437,-0.013073145,-0.37104139799999997,0.18880692100000002,-0.515314165,-0.12400067,32,54.93,0.03240487893682871,0.06244310941197888,1.0,1.0
501,732,2019-11-20,0.082892905,-0.006556643000000001,-0.19587766399999998,0.246180313,-0.38496942100000003,-0.051666102,39,56.71,0.029095397637101016,0.017104567095750287,1.0,1.0
502,733,2019-11-21,0.12336368800000001,0.03534411,-0.245672355,0.143044066,-0.424386881,-0.073661474,37,58.36,-0.011651816312542832,-0.009766963673749149,0.0,0.0
503,734,2019-11-22,0.384571791,0.054970169000000006,-0.280382145,0.23820726899999997,-0.255977018,0.028278012999999998,24,57.68,0.0019070735090152469,0.009882108183079061,1.0,1.0
504,737,2019-11-25,0.43519646100000003,0.064636717,-0.184096284,0.352433824,-0.325691931,0.068495757,34,57.79,0.007959854646132563,0.0057103305070081035,1.0,1.0
505,738,2019-11-26,0.23544768300000002,0.045739506,-0.261925803,0.430817888,-0.41323417,0.007369021,29,58.25,-0.0022317596566524046,-0.039141630901287576,0.0,0.0
506,739,2019-11-27,0.268194561,0.023985652000000003,-0.19777167199999998,0.163979054,-0.410925751,-0.030507631,31,58.12,-0.03699242945629729,-0.0338953888506538,0.0,0.0
507,744,2019-12-02,0.332973297,0.064452047,-0.186819173,0.310603662,-0.286020387,0.047037889000000006,45,55.97,0.003216008576022864,0.044488118634983066,1.0,1.0
508,745,2019-12-03,0.271494891,0.026651442999999997,-0.38662659,0.188411567,-0.34623014700000004,-0.049259767,31,56.15,0.04113980409617101,0.04042742653606417,1.0,1.0
509,746,2019-12-04,0.163500023,5.68768e-06,-0.37637802299999995,0.306317302,-0.35141100200000003,-0.051593202000000005,49,58.46,-0.0006842285323297836,0.0126582278481013,0.0,1.0
510,747,2019-12-05,0.08976231,0.044170332,-0.271118542,0.270915488,-0.294226665,-0.032099416,60,58.42,0.013351591920575164,0.009756932557343381,1.0,1.0
511,748,2019-12-06,0.067060706,0.01585349,-0.18733102199999999,0.316569645,-0.376098895,-0.032789215,50,59.2,-0.0035472972972973114,0.0003378378378377706,0.0,1.0
512,751,2019-12-09,0.283295721,0.036398294,-0.235608023,0.227642604,-0.36810955,-0.011276191000000001,46,58.99,0.003898965926428155,-0.004238006441769792,1.0,0.0
513,752,2019-12-10,-0.167757516,-0.013692201000000001,-0.37546531899999996,0.234319146,-0.29282827699999997,-0.123084833,27,59.22,-0.008105369807497414,-0.0006754474839581079,0.0,0.0
514,753,2019-12-11,0.401890189,0.072380638,-0.14336070199999998,0.24617386100000002,-0.285446043,0.058327589000000006,40,58.74,0.007490636704119811,0.023323118828736764,1.0,1.0
515,754,2019-12-12,0.595304814,0.12375999300000001,-0.045386968,0.360436805,-0.173632128,0.172096503,53,59.18,0.015714768502872588,0.017404528556944934,1.0,1.0
516,755,2019-12-13,0.59270689,0.102271479,-0.004071707,0.378820548,-0.234288169,0.167087808,21,60.11,0.0016636167027117188,0.012809848610880106,1.0,1.0
517,758,2019-12-16,0.544702746,0.115344425,-0.01902738,0.470421728,-0.17558844399999998,0.187170615,29,60.21,0.011127719647899048,0.01195814648729445,1.0,1.0
518,759,2019-12-17,0.534117928,0.089291846,0.003133201,0.350246214,-0.326863643,0.12998510900000002,31,60.88,0.0008212877792377982,0.006898817345597809,1.0,1.0
519,760,2019-12-18,0.41588704299999996,0.06634430200000001,-0.325450813,0.219889919,-0.26538172600000004,0.022257745,33,60.93,0.006072542261611643,-0.008206138191367143,1.0,0.0
520,761,2019-12-19,0.113635048,0.056123998,-0.136468504,0.41888211299999994,-0.18862639899999997,0.052709251,38,61.3,-0.014192495921696533,-0.0128874388254486,0.0,0.0
521,762,2019-12-20,0.682972143,0.13617707199999998,-0.127365427,0.34898766299999995,-0.245326183,0.159089054,26,60.43,0.0013238457719675376,0.012245573390700017,1.0,1.0
522,765,2019-12-23,0.215306897,0.017780281000000002,-0.128637105,0.311312016,-0.304800703,0.022192277000000003,41,60.51,0.010907288051561787,0.01999669476119651,1.0,1.0
523,766,2019-12-24,0.454427261,0.02943032,-0.15732654,0.34139697700000005,-0.303080003,0.072969603,22,61.17,0.008991335622036899,0.009645250940003208,1.0,1.0
524,768,2019-12-26,0.631242072,0.130138384,0.129061116,0.508622448,0.028403892000000003,0.28549358199999997,19,61.72,0.0006480881399870245,-0.0009721322099805942,1.0,0.0
525,769,2019-12-27,0.45740661,0.068385451,-0.016046388,0.424639296,-0.225368077,0.141803379,23,61.76,-0.0016191709844559816,-0.010038860103626902,0.0,0.0
526,772,2019-12-30,0.22617423,0.029077337,-0.24222281199999998,0.246323023,-0.277096537,-0.003548952,31,61.66,-0.008433344145312943,-0.007946805060006404,0.0,0.0
527,773,2019-12-31,0.210532482,0.029927178,-0.18761693100000001,0.398871944,-0.333387953,0.023665343999999998,35,61.14,0.0004906771344455535,0.03042198233562315,1.0,1.0
528,775,2020-01-02,0.260848036,0.032218988,-0.115339088,0.47666780700000005,-0.210881961,0.088702756,41,61.17,0.029916625796959265,0.034330554193232,1.0,1.0
529,776,2020-01-03,-0.41923981899999996,-0.149811325,-0.5361443370000001,0.295896838,-0.542195998,-0.270298928,95,63.0,0.004285714285714335,-0.004761904761904716,1.0,0.0
530,779,2020-01-06,-0.346550385,-0.11630473300000001,-0.466350841,0.242524358,-0.45629780000000003,-0.22859588,89,63.27,-0.009009009009009012,-0.057215109846688865,0.0,0.0
531,780,2020-01-07,-0.154639075,-0.041568352999999995,-0.35775055200000005,0.21380766899999998,-0.358511819,-0.139732426,72,62.7,-0.04864433811802239,-0.050079744816586926,0.0,0.0
532,781,2020-01-08,-0.534429347,-0.120063592,-0.505162287,0.138028595,-0.43870542100000004,-0.29206641,83,59.65,-0.0015088013411566857,-0.010561609388097158,0.0,0.0
533,782,2020-01-09,-0.108691304,-0.034452804,-0.350015085,0.325610894,-0.37405127200000005,-0.108319914,46,59.56,-0.009066487575554049,-0.02333781061114843,0.0,0.0
534,783,2020-01-10,-0.25249191600000004,-0.056635707,-0.346126947,0.22441836,-0.456905711,-0.17754838399999998,42,59.02,-0.01440189766180958,-0.01152151812944764,0.0,0.0
535,786,2020-01-13,0.13852466300000002,-0.01171253,-0.230429828,0.244672573,-0.30542694600000003,-0.032874414,37,58.17,0.0029224686264397747,-0.0053292074952725164,1.0,0.0
536,787,2020-01-14,0.184976275,0.024924425,-0.175138605,0.382961803,-0.373688711,0.008807038,45,58.34,-0.008227631127871168,0.0030853616729516575,0.0,1.0
537,788,2020-01-15,0.145494549,0.016434775,-0.162571716,0.218781418,-0.375018515,-0.031375898,45,57.86,0.011406844106463943,0.011925337020394016,1.0,1.0
538,789,2020-01-16,0.30550436,0.046328369,-0.055327577999999995,0.397179075,-0.27530173,0.083676499,42,58.52,0.0005126452494872527,-0.004613807245386246,1.0,0.0
539,790,2020-01-17,0.085181595,0.029913437,-0.128416571,0.33301401,-0.198251442,0.024288206,26,58.55,-0.005123825789923094,-0.030572160546541403,0.0,0.0
540,794,2020-01-21,-0.089477995,-0.033417873,-0.372665311,0.195934575,-0.499082617,-0.159741844,42,58.25,-0.025579399141630935,-0.047038626609442094,0.0,0.0
541,795,2020-01-22,-0.44752122299999997,-0.077529167,-0.435312591,0.20139842800000002,-0.458861215,-0.243565153,34,56.76,-0.022022551092318536,-0.0470401691331923,0.0,0.0
542,796,2020-01-23,-0.116009962,-0.032030118999999996,-0.306683262,0.15052055,-0.46209436200000004,-0.153259431,61,55.51,-0.025580976400648436,-0.0435957485137812,0.0,0.0
543,797,2020-01-24,0.175649565,-0.003716309,-0.33148785199999997,0.13013791800000002,-0.417620922,-0.08940752,25,54.09,-0.018487705675725642,-0.014050656313551582,0.0,0.0
544,800,2020-01-27,-0.222577813,-0.051589232,-0.503369584,-0.063661384,-0.497499986,-0.26773959999999997,45,53.09,0.004520625353173759,0.003767187794311466,1.0,1.0
545,801,2020-01-28,-0.10357446,-0.016151894,-0.377870828,0.068260869,-0.38143625600000003,-0.162154514,39,53.33,-0.0007500468779298547,-0.021376336021001325,0.0,0.0
546,802,2020-01-29,-0.090796259,-0.034200575,-0.443301234,0.298870417,-0.41484273,-0.136854076,39,53.29,-0.020641771439294455,-0.032088571964721355,0.0,0.0
547,803,2020-01-30,-0.370287029,-0.07196119599999999,-0.40088583299999997,0.086825105,-0.489639518,-0.249189694,34,52.19,-0.011688062847288742,-0.04081241617168031,0.0,0.0
548,804,2020-01-31,-0.066200559,-0.018181378999999998,-0.40679476700000006,0.165719595,-0.495550076,-0.164201437,33,51.58,-0.029468786351298876,-0.03858084528887156,0.0,0.0
549,807,2020-02-03,-0.324828038,-0.073490926,-0.5249257079999999,0.056228342,-0.520028662,-0.277408999,45,50.06,-0.009388733519776246,0.016180583300039856,0.0,1.0
550,808,2020-02-04,-0.080795772,-0.041114443,-0.44767860600000003,0.242134362,-0.407503861,-0.146991664,65,49.59,0.02581165557572079,0.02722323049001803,1.0,1.0
551,809,2020-02-05,-0.12904719,-0.034869909,-0.40012615,0.281471976,-0.36144316299999996,-0.128802887,35,50.87,0.001376056614900733,-0.010418714369962534,1.0,0.0
552,810,2020-02-06,0.027807129,-0.0050571340000000005,-0.363740334,0.314402384,-0.40562593799999996,-0.08644277800000001,46,50.94,-0.011778563015312021,,0.0,
553,811,2020-02-07,-0.33386672,-0.049760053,-0.48093979200000003,0.050692255,-0.597143819,-0.28220362600000004,30,50.34,,,,
