Date;vader;vader_average;watson;henry;Loughran-McDonald;count;WTI
18.11.2017;-0.58922;-0.092208769;-0.3981156;0.212478632;-0.730231729;5;56.21
19.11.2017;0.215466667;-0.024707485;-0.373712444;0.209645167;-0.626317016;9;
20.11.2017;0.298661111;0.047772115;-0.24273287;0.192589291;-0.350616512;54;56.21
21.11.2017;0.249536;0.03009246;-0.12305968;0.356519731;-0.289347856;50;56.84
22.11.2017;0.057312903;0.01289682;-0.225407403;0.430621815;-0.346907319;62;57.88
23.11.2017;-0.051548485;-0.006103035;-0.289101303;0.175396961;-0.478846374;33;
24.11.2017;0.429656818;0.059301113;-0.124653023;0.326597768;-0.223295525;44;58.94
25.11.2017;-0.223;0.049256229;-0.167396;0.044444444;-0.180952381;3;
26.11.2017;-0.23528125;-0.025358952;-0.333962813;0.239793674;-0.506653363;16;
27.11.2017;0.336017391;0.020458008;-0.310545348;0.186234954;-0.361722121;46;58.1
28.11.2017;0.264801786;0.061906637;-0.204539375;0.349982869;-0.308947377;56;57.96
29.11.2017;0.32305102;0.053133072;-0.160091;0.341016075;-0.421566835;49;57.25
30.11.2017;0.306817647;0.050817546;-0.160883265;0.408094866;-0.291331508;68;57.4
01.12.2017;0.307908929;0.04493976;-0.290524286;0.289025995;-0.273664971;56;58.35
02.12.2017;-0.271966667;-0.028052059;-0.506122667;0.393761141;-0.477989984;6;
03.12.2017;0.006844444;0.021409606;-0.408254444;0.392292769;-0.589869082;9;
04.12.2017;0.258480488;0.04263361;-0.220056439;0.234689963;-0.357645853;41;57.48
05.12.2017;0.112446154;0.020730757;-0.243393981;0.36572597;-0.243876126;52;57.66
06.12.2017;-0.133861364;-0.006700168;-0.305770227;0.249708506;-0.460865711;44;55.79
07.12.2017;0.303022857;0.055420096;-0.110738571;0.457159882;-0.199474835;35;56.5
08.12.2017;0.41806;0.106010942;-0.031464686;0.484393675;-0.09242067;35;57.15
09.12.2017;-0.3043;-0.11475;-0.4433605;0.227272727;-0.857142857;2;
10.12.2017;0.079325;-0.035144444;-0.3696915;0.236519608;-0.423809524;4;
11.12.2017;0.31457381;0.021556195;-0.063017762;0.463690753;-0.306385899;42;57.84
12.12.2017;0.211725862;0.046511688;-0.087471931;0.454098177;-0.261673988;58;57.12
13.12.2017;0.349674138;0.094948059;-0.192498017;0.365089906;-0.32283088;58;56.59
14.12.2017;0.228961364;0.055762039;-0.175435114;0.269736966;-0.264423204;44;57
15.12.2017;0.276978125;0.054711729;-0.263939219;0.270263705;-0.376620789;32;57.29
16.12.2017;0.3255625;0.027875363;-0.135268375;0.34370155;-0.381915984;8;
17.12.2017;-0.136871429;-0.064385877;-0.279301286;0.487414966;-0.479326408;7;
18.12.2017;0.295554;0.076169821;-0.06317162;0.420470855;-0.264836192;50;57.17
19.12.2017;0.039984091;0.019335273;-0.186180409;0.378433377;-0.298286577;44;57.49
20.12.2017;0.237402326;0.036914094;-0.181551116;0.384144147;-0.245031682;43;58.09
21.12.2017;0.278282927;0.065518545;-0.121240732;0.400542386;-0.257780842;41;58.34
22.12.2017;0.473023333;0.114459278;-0.074778933;0.488507146;-0.264933527;30;58.25
23.12.2017;0.0975125;0.050488592;-0.0858735;0.541495987;-0.300968213;8;
24.12.2017;-0.013;0.029418457;-0.383266;0.442592593;-0.577289377;6;
25.12.2017;-0.009463636;-0.009214724;-0.170600091;0.28575276;-0.294766356;11;
26.12.2017;0.176144828;0.013894236;-0.284294586;0.267511548;-0.187216142;29;59.55
27.12.2017;0.308715789;0.077296254;-0.008483289;0.455062679;-0.11982018;38;59.67
28.12.2017;0.424905;0.071793675;-0.101401;0.441258454;-0.140583724;40;59.84
29.12.2017;0.280048718;0.07510574;-0.108931487;0.323931548;-0.202378819;39;60.46
30.12.2017;-0.936375;-0.161620978;-0.69243075;-0.070604396;-0.511519608;4;
31.12.2017;0.73273;0.168733851;-0.0256933;0.494746296;-0.066335567;10;
01.01.2018;0.10992;0.063742327;-0.2355878;0.556584708;-0.271460069;15;
02.01.2018;0.179336842;0.032034643;-0.199953;0.436590099;-0.209011843;57;60.37
03.01.2018;0.466632653;0.102800675;-0.042785286;0.534475513;-0.149943458;49;61.61
04.01.2018;0.593638095;0.107668153;-0.00301519;0.495118252;-0.127522428;42;61.98
05.01.2018;0.4938;0.058571124;-0.048411528;0.463701716;-0.078140665;36;61.49
06.01.2018;0.209371429;0.01434273;-0.354345714;0.47967033;-0.511444111;7;
07.01.2018;0.14325;0.01677471;-0.369433833;0.392854137;-0.329242532;12;
08.01.2018;0.338679487;0.06576863;-0.167946897;0.472960771;-0.226222547;39;61.73
09.01.2018;0.258695556;0.039655306;-0.166494578;0.406267745;-0.107548972;45;62.92
10.01.2018;0.317587234;0.03339813;-0.203332532;0.386484846;-0.314699134;47;63.6
11.01.2018;0.446535088;0.082389856;-0.025848772;0.423418794;-0.196554144;57;63.81
12.01.2018;0.449527907;0.102771809;-0.087241558;0.397376409;-0.128675584;43;64.22
13.01.2018;-0.46588;-0.114464029;-0.4005068;-0.2;-0.702941176;5;
14.01.2018;0.264755556;0.048911818;-0.090286;0.465688743;0.00347122;9;
15.01.2018;0.30708125;0.082684382;-0.125060313;0.391324541;-0.268394025;32;
16.01.2018;0.39439375;0.074509643;-0.076329719;0.458030957;-0.219361202;64;63.82
17.01.2018;0.163875;0.046954883;-0.009010333;0.407154406;-0.187221697;48;63.92
18.01.2018;0.190940385;0.046793349;-0.168817019;0.285153412;-0.257671559;52;63.96
19.01.2018;0.55669375;0.075673766;-0.118265771;0.331451883;-0.212087041;48;63.38
20.01.2018;0.00015;-0.017809661;-0.1368545;0.448405253;-0.424192485;2;
21.01.2018;-0.254021429;-0.049630904;-0.259299643;0.277084424;-0.323887242;14;
22.01.2018;0.432714634;0.095671676;-0.051672073;0.395602306;-0.253792638;41;63.66
23.01.2018;0.577929825;0.104886473;0.029429982;0.395823926;-0.233847439;57;64.45
24.01.2018;0.430484314;0.096794731;-0.108261824;0.483788457;-0.137196517;51;65.69
25.01.2018;0.342011321;0.083913611;-0.130734849;0.438141895;-0.089902591;53;65.62
26.01.2018;0.5234625;0.114219883;-0.0323955;0.469540707;-0.105820604;32;66.27
27.01.2018;0.5275;0.088742973;-0.410416667;0.342071206;-0.568183466;6;
28.01.2018;0.422758824;0.103358985;-0.044185706;0.165328452;-0.310448649;17;
29.01.2018;0.474524561;0.083602483;-0.125084105;0.380492363;-0.290040268;57;65.71
30.01.2018;0.113974;0.040103261;-0.33510676;0.183281263;-0.390181817;50;64.64
31.01.2018;0.359273913;0.082723796;-0.189291848;0.309893024;-0.175295813;46;64.82
01.02.2018;0.557166102;0.138957184;-0.017700576;0.433709888;-0.081469115;59;65.92
02.02.2018;0.503171429;0.075561089;-0.2143108;0.33983801;-0.248682193;35;65.5
03.02.2018;0.0199;-0.07178125;-0.531698;0.474157303;-0.789473684;2;
04.02.2018;-0.423692857;-0.073384831;-0.470062357;0.042495892;-0.54157226;14;
05.02.2018;-0.110207895;-0.044574842;-0.295592316;0.114861057;-0.490853462;38;64.18
06.02.2018;0.235510606;0.029288204;-0.246891848;0.139542599;-0.354597027;66;63.48
07.02.2018;0.354624528;0.037344143;-0.114591623;0.333734499;-0.207796626;53;61.91
08.02.2018;0.151128571;0.02337229;-0.320127673;0.244501578;-0.430616873;49;61.3
09.02.2018;0.029119608;0.006583987;-0.346881294;0.229350567;-0.475336374;51;59.2
10.02.2018;-0.309766667;-0.147939419;-0.573663;0.031625933;-0.625376573;3;
11.02.2018;0.021966667;0.010306124;-0.388869889;0.169603926;-0.466243407;9;
12.02.2018;0.406343396;0.059871353;-0.139980396;0.393466632;-0.237290248;53;59.41
13.02.2018;0.321988636;0.045792728;-0.266876136;0.317567015;-0.227297164;44;59.33
14.02.2018;0.3729;0.079169378;-0.215019143;0.36432582;-0.141576422;56;60.7
15.02.2018;0.372913208;0.057576352;-0.168426925;0.466641738;-0.273441488;53;61.48
16.02.2018;0.466185366;0.080344934;-0.096209634;0.480949491;-0.237554297;41;61.89
17.02.2018;0.60708;0.208244212;0.0973376;0.430555556;0.054799751;5;
18.02.2018;0.58467;0.12830357;0.0393172;0.606808688;-0.294881866;10;
19.02.2018;0.429220588;0.075827622;-0.199041647;0.353386342;-0.201878342;34;
20.02.2018;0.268866129;0.057454993;-0.212943645;0.381386599;-0.333764429;62;61.91
21.02.2018;0.150665957;0.048142755;-0.234994426;0.364782456;-0.307681243;47;61.73
22.02.2018;0.568879167;0.102986906;-0.121718333;0.387202738;-0.268173909;48;62.72
23.02.2018;0.467911429;0.079107875;-0.017445857;0.42713336;-0.143911048;35;63.52
24.02.2018;0.1847;0.033290519;-0.2831395;-0.013888889;-0.266666667;6;
25.02.2018;0.292364286;0.031276986;-0.220360143;0.397673473;-0.220984027;14;
26.02.2018;0.704432432;0.145028773;0.039051676;0.446574194;-0.091546289;37;63.81
27.02.2018;0.401866;0.052661105;-0.2814803;0.30544231;-0.220044512;50;62.94
28.02.2018;-0.031441176;-0.024415533;-0.336360824;0.234158241;-0.436945942;51;61.43
01.03.2018;-0.086657627;-0.011278831;-0.300105051;0.242022545;-0.451480763;59;60.98
02.03.2018;0.084020513;0.010032591;-0.256156385;0.185353359;-0.410307419;39;61.19
03.03.2018;-0.1708;-0.048329116;-0.220121857;0.24159967;-0.570562771;7;
04.03.2018;0.510728571;0.025143898;-0.308062929;0.126090907;-0.261049185;14;
05.03.2018;0.427616923;0.069803504;-0.211585169;0.387030792;-0.330240776;65;62.49
06.03.2018;0.386894366;0.088137099;-0.114737352;0.402908324;-0.298230225;71;62.54
07.03.2018;0.036480392;0.029904149;-0.243189392;0.221125897;-0.342840369;51;61.09
08.03.2018;0.197686486;0.057476891;-0.196106;0.360127191;-0.326651386;37;60.13
09.03.2018;0.525665385;0.103774258;0.004505;0.470690069;-0.07380428;26;62.02
10.03.2018;0.991;0.233186111;-0.039315667;0.621428571;0.244444444;3;
11.03.2018;0.41672;0.100770835;0.0306253;0.568402183;-0.224576535;10;
12.03.2018;0.252948718;0.071467676;-0.18817159;0.364317215;-0.428320412;39;61.35
13.03.2018;0.054394118;0.021508839;-0.197729059;0.248600819;-0.444143258;51;60.69
14.03.2018;-0.021651163;0.031042645;-0.285307977;0.32495598;-0.344066073;43;60.89
15.03.2018;0.024831373;0.013858734;-0.309025098;0.250245084;-0.443490791;51;61.16
16.03.2018;0.196194286;0.065847093;-0.142151;0.387940957;-0.30923563;35;62.29
17.03.2018;-0.403014286;-0.190035234;-0.428346714;-0.217997952;-0.338651824;7;
18.03.2018;0.606709091;0.051328027;-0.316663091;0.29030584;-0.413391871;11;
19.03.2018;0.193095652;0.046777934;-0.241834065;0.15533418;-0.358429751;46;62.01
20.03.2018;0.16587963;0.085724658;-0.26279237;0.26122452;-0.343914591;54;63.37
21.03.2018;0.112974242;0.051197776;-0.234313045;0.296644213;-0.346303306;66;65.1
22.03.2018;-0.0550725;0.015684271;-0.23058085;0.255389193;-0.363080794;40;64.25
23.03.2018;0.056563636;0.029905213;-0.269211341;0.199919744;-0.300625167;44;65.8
24.03.2018;-0.5817;-0.192625694;-0.419516;0.419642857;-0.346969697;4;
25.03.2018;0.39133;0.026740272;-0.1463679;0.406797505;-0.437634997;10;
26.03.2018;-0.074695652;0.030455444;-0.05407787;0.332435278;-0.223179345;46;65.49
27.03.2018;0.389383721;0.088281821;-0.086384744;0.45703693;-0.188199221;43;65.21
28.03.2018;0.062505085;0.037058441;-0.244250508;0.220209205;-0.32504391;59;64.3
29.03.2018;0.081817073;0.033484305;-0.171952415;0.355446955;-0.270031054;41;64.87
30.03.2018;0.02869;0.042143331;-0.1008086;0.51202381;0.022692863;10;
31.03.2018;0.9949;0.167034519;0.127569;0.5;0.074534161;2;
01.04.2018;0.346921053;0.095468118;-0.132358105;0.419129328;-0.278095589;19;
02.04.2018;-0.01160625;-0.001824071;-0.265204813;0.232911703;-0.473324296;32;63.05
03.04.2018;0.075621053;0.038511955;-0.232149895;0.219784673;-0.252977323;38;63.41
04.04.2018;0.033013043;0.031044178;-0.169966761;0.212817457;-0.401496005;46;63.35
05.04.2018;0.321103774;0.079322171;-0.13492217;0.367742846;-0.318595063;53;63.53
06.04.2018;0.218255319;0.049727837;-0.186096723;0.272821307;-0.401173643;47;62.03
07.04.2018;0.14215;0.019660658;-0.4479269;0.366560606;-0.544127826;10;
08.04.2018;-0.05935;-0.012259451;-0.1383615;0.582443346;-0.351341991;10;
09.04.2018;0.018474468;0.052613005;-0.211775106;0.282577453;-0.40906513;47;63.4
10.04.2018;0.005201639;0.022995506;-0.153556;0.370605518;-0.362977433;61;65.48
11.04.2018;-0.173513433;-0.022153772;-0.279477597;0.344021567;-0.431013473;67;66.81
12.04.2018;0.084901695;0.045555677;-0.231408966;0.252525483;-0.250302911;59;67.07
13.04.2018;0.548945946;0.086711663;0.027270514;0.450794979;-0.039817734;37;67.35
14.04.2018;-0.1451125;-0.020843446;-0.538398875;0.378598485;-0.443010753;8;
15.04.2018;0.1725;0.052992199;-0.0171152;0.505020593;-0.195144135;10;
16.04.2018;0.073292593;0.029059591;-0.206436685;0.290458934;-0.304533866;54;66.23
17.04.2018;0.204169048;0.013806411;-0.148408548;0.247268025;-0.299636532;42;66.5
18.04.2018;0.350509677;0.060604242;0.022730032;0.377884976;-0.201418801;62;68.44
19.04.2018;0.334255882;0.051655201;-0.122028824;0.405829651;-0.251813182;68;68.3
20.04.2018;0.136684884;0.066856302;-0.306474849;0.278263199;-0.276943201;86;68.26
21.04.2018;0.997333333;0.131880835;-0.118959667;0.180086812;-0.196725146;3;
22.04.2018;0.071647059;0.018787532;-0.270431647;0.363192852;-0.287089187;17;
23.04.2018;0.306707042;0.069119691;-0.138714085;0.421472892;-0.215429708;71;67.61
24.04.2018;0.414339216;0.086615834;-0.068616098;0.462411365;-0.150818521;51;67.66
25.04.2018;0.202481132;0.019975116;-0.313345528;0.310829143;-0.336115942;53;68
26.04.2018;0.532410606;0.092779073;0.112767636;0.444900171;-0.118654618;66;68.18
27.04.2018;0.520031707;0.098435824;-0.082619195;0.333431225;-0.080843708;41;68.11
28.04.2018;0.769466667;0.121882571;0.207990667;0.219907407;-0.251792115;3;
29.04.2018;0.546133333;0.115717983;-0.028031611;0.523803607;-0.267626138;18;
30.04.2018;0.566661017;0.113636589;-0.127847695;0.44506191;-0.225616164;59;68.56
01.05.2018;0.380659574;0.076342036;-0.05905566;0.339272568;-0.251020946;47;67.28
02.05.2018;0.2960625;0.051099944;-0.158021196;0.362080439;-0.230089288;56;67.91
03.05.2018;0.205502381;0.052042471;-0.318168524;0.314961555;-0.304563306;42;68.45
04.05.2018;0.354364286;0.063974966;-0.258622036;0.367315009;-0.293881817;28;69.71
05.05.2018;0.9929;0.1103795;0.0373035;0.357142857;-0.143678161;2;
06.05.2018;0.270646154;0.055464869;-0.309733769;0.482591795;-0.503495447;13;
07.05.2018;0.315125352;0.063129135;-0.185093662;0.366313306;-0.278124184;71;70.74
08.05.2018;0.119052041;0.036918859;-0.349123357;0.168383915;-0.403903898;98;68.83
09.05.2018;0.30357438;0.053768125;-0.216729479;0.291001225;-0.30824998;121;71.16
10.05.2018;0.330079452;0.053662403;-0.222654685;0.338884645;-0.352049633;73;71.36
11.05.2018;0.205283673;0.039988361;-0.208532878;0.276931844;-0.270369552;49;70.69
12.05.2018;0.7072;0.091567197;-0.062737;0.287894737;-0.326482874;5;
13.05.2018;0.302048;0.09447311;-0.16337088;0.3922819;-0.303789798;25;
14.05.2018;0.309015789;0.069204846;-0.232573539;0.465252712;-0.283097111;76;71.01
15.05.2018;0.316556522;0.062079839;-0.167458812;0.398948537;-0.268667022;69;71.34
16.05.2018;0.082804286;0.025419839;-0.164476871;0.274891009;-0.288216991;70;71.43
17.05.2018;0.326615625;0.058624975;-0.083751734;0.416486836;-0.269492166;64;71.47
18.05.2018;0.539442857;0.102943902;-0.084027482;0.381616216;-0.301087988;56;71.23
19.05.2018;0.23882;0.063717563;-0.3694508;0.368067227;-0.577959184;5;
20.05.2018;0.23111875;-0.008235822;-0.24063025;0.396103751;-0.292640217;16;
21.05.2018;0.141333333;0.034684158;-0.156364421;0.367488124;-0.282914376;57;72.26
22.05.2018;0.223351613;0.046248532;-0.208212532;0.358522416;-0.369910868;62;72.09
23.05.2018;0.0193;0.021012865;-0.390002034;0.185852195;-0.519918547;59;71.85
24.05.2018;0.135984507;0.03737265;-0.31546407;0.115968541;-0.424854302;71;70.77
25.05.2018;0.165418421;0.062166091;-0.336070118;0.273563824;-0.340071294;76;67.92
26.05.2018;0.39949;0.066257574;-0.1126367;-0.016796537;-0.609142857;10;
27.05.2018;0.308985714;0.032853874;-0.303554929;0.363036808;-0.471905619;14;
28.05.2018;-0.030245161;0.008947001;-0.323188258;0.110727694;-0.458920259;31;
29.05.2018;0.046048;0.040388818;-0.27169182;0.208878372;-0.381785654;50;66.8
30.05.2018;0.415451613;0.127873532;-0.070049484;0.398494227;-0.274929045;62;68.24
31.05.2018;0.412041176;0.06938003;-0.184165961;0.335470171;-0.199202302;51;66.98
01.06.2018;0.150772222;0.110761663;-0.096763528;0.302275692;-0.239545283;36;65.81
02.06.2018;0.330383333;0.032814773;-0.503376833;0.400482107;-0.296406926;6;
03.06.2018;0.4027375;0.113645722;0.018697813;0.57352131;-0.198045822;16;
04.06.2018;0.256643182;0.081015515;-0.2006255;0.444151766;-0.301692305;44;64.76
05.06.2018;0.2891;0.075540893;-0.220497778;0.359281277;-0.28964861;45;65.51
06.06.2018;0.327267273;0.067740771;-0.103375291;0.458666942;-0.246456243;55;64.75
07.06.2018;0.316777778;0.082330334;-0.151109537;0.358843018;-0.310751341;54;65.96
08.06.2018;0.023815385;0.038684477;-0.203939051;0.149724035;-0.352936496;39;65.77
09.06.2018;0.71872;0.105377453;-0.1148788;0.798051948;0.158218029;5;
10.06.2018;-0.050758333;-0.015461908;-0.4224155;0.323669473;-0.435066642;12;
11.06.2018;0.361335135;0.076707207;-0.083290622;0.44537245;-0.196837434;37;66.1
12.06.2018;0.23082549;0.047524797;-0.15432451;0.31359442;-0.275447145;51;66.38
13.06.2018;0.250258824;0.087349481;-0.237952451;0.394577447;-0.369791208;51;66.63
14.06.2018;0.455703704;0.103916575;-0.292923648;0.326398658;-0.426751347;54;66.91
15.06.2018;-0.129680435;-0.006331478;-0.286959957;0.145517364;-0.476520609;46;65.01
16.06.2018;0.334033333;0.005800142;-0.175831667;0.33844189;-0.340874811;3;
17.06.2018;-0.433;-0.022620173;-0.415753182;0.09738412;-0.564722435;11;
18.06.2018;-0.195065714;-0.015527811;-0.389548086;0.161497816;-0.513345315;70;65.91
19.06.2018;-0.142103333;-0.044772941;-0.407545033;0.201981274;-0.512020355;60;65.09
20.06.2018;-0.09270339;0.018242774;-0.295157966;0.399676166;-0.376903624;59;65.92
21.06.2018;0.119479221;0.052431411;-0.281808442;0.20754774;-0.390012273;77;65.68
22.06.2018;0.090908974;0.005925905;-0.262719731;0.309044664;-0.328312564;78;69.02
23.06.2018;0.86651;0.208602605;-0.1224695;0.506836344;0.110357143;10;
24.06.2018;0.2867;0.038238655;-0.352773667;0.128339022;-0.345031949;12;
25.06.2018;-0.178044828;-0.02872753;-0.295555569;0.050650974;-0.489981394;58;69.91
26.06.2018;0.004535484;0.017270324;-0.27788429;0.249584881;-0.348930297;62;75.23
27.06.2018;-0.115946552;-0.022933111;-0.281825879;0.132531509;-0.34282669;58;77.41
28.06.2018;0.036870455;0.012698547;-0.289397545;0.297500107;-0.43281576;44;73.45
29.06.2018;0.104219565;0.044101893;-0.220910935;0.391985572;-0.355958979;46;74.13
30.06.2018;0.6503;0.142403283;-0.334263;0.68571767;-0.247409415;7;
01.07.2018;0.030472;0.02247829;-0.44023096;0.303870445;-0.471457249;25;
02.07.2018;-0.013026;-0.006353297;-0.3875806;0.163262392;-0.591137297;50;73.89
03.07.2018;0.096402128;0.042595687;-0.175861149;0.277112603;-0.330522186;47;74.19
04.07.2018;-0.354288889;-0.072515646;-0.347001926;0.22099312;-0.493830649;27;
05.07.2018;-0.190475;-0.036615587;-0.405359896;0.230524438;-0.525552011;48;73.05
06.07.2018;0.013042105;0.005132914;-0.265999;0.237393941;-0.471400149;38;73.78
07.07.2018;-0.302025;-0.060925139;-0.45859025;0.445977011;-0.487127371;4;
08.07.2018;0.098907692;0.014625644;-0.200053538;0.682067;-0.325157934;13;
09.07.2018;0.042728261;0.025638511;-0.132018609;0.354569468;-0.330540256;46;73.93
10.07.2018;0.26852623;0.061732512;-0.090722902;0.456787162;-0.322405243;61;74.11
11.07.2018;-0.188589091;-0.058214107;-0.473185982;0.040898241;-0.513764887;55;70.47
12.07.2018;-0.074418367;-0.00922833;-0.321369959;0.339857241;-0.531103653;49;70.28
13.07.2018;0.168410256;0.038699792;-0.211382205;0.363999324;-0.357267659;39;71.03
14.07.2018;0.405416667;0.024099874;-0.469776;0.38738345;-0.424131668;6;
15.07.2018;0.13762;-0.021313543;-0.3859695;0.284984013;-0.502501991;10;
16.07.2018;0.2368;0.048464134;-0.198364683;0.296400807;-0.384506804;60;68.22
17.07.2018;0.189382222;0.043756465;-0.258434867;0.193486001;-0.447406255;45;68.03
18.07.2018;0.297685;0.065915399;-0.176292425;0.230391975;-0.313695062;40;68.78
19.07.2018;0.0084;0.019218565;-0.24767739;0.286132779;-0.341685456;41;69.42
20.07.2018;0.249563415;0.04922697;-0.124294098;0.310800417;-0.363964033;41;70.31
21.07.2018;0.46915;0.144730699;-0.0062645;0.236363636;-0.401709402;2;
22.07.2018;0.174608333;0.025414933;-0.443633167;0.261329722;-0.411817301;12;
23.07.2018;-0.087547541;-0.00290747;-0.190663623;0.36329823;-0.428243179;61;67.9
24.07.2018;0.184435714;0.043497434;-0.106795548;0.419455371;-0.196670218;42;70.77
25.07.2018;0.234163333;0.060001529;-0.124958567;0.237934341;-0.281006732;30;71.13
26.07.2018;0.292906667;0.057358303;-0.072104356;0.404141952;-0.118151398;45;71.59
27.07.2018;0.326982609;0.043317747;-0.083733413;0.385020395;-0.304651923;46;68.66
28.07.2018;0.18748;0.055848866;0.1551992;0.305157113;-0.116355369;5;
29.07.2018;0.1118;0.046639555;-0.13538;0.214463464;-0.248755411;10;
30.07.2018;0.168638235;0.017967019;-0.257833706;0.384425746;-0.336863037;34;71.19
31.07.2018;0.317553333;0.072131584;-0.172496733;0.337928897;-0.272686522;45;69.88
01.08.2018;0.305923529;0.050012516;-0.165113451;0.267527398;-0.336107076;51;68.8
02.08.2018;0.139055319;0.03013728;-0.210851043;0.232162218;-0.295328697;47;68.95
03.08.2018;0.044528947;0.028630492;-0.177022421;0.306561;-0.269124113;38;68.49
04.08.2018;-0.46455;-0.046534524;-0.565101;0.666666667;-0.625;2;
05.08.2018;0.498175;0.051184503;-0.185531625;0.291864583;-0.357753839;8;
06.08.2018;-0.303216667;-0.041531967;-0.370385429;0.18675591;-0.536037912;42;69.01
07.08.2018;0.290023529;0.04009683;-0.141183;0.399652282;-0.438724528;51;69.17
08.08.2018;0.108695082;0.028607203;-0.274740295;0.260713077;-0.447631343;61;66.92
09.08.2018;0.288404255;0.03842773;-0.249540596;0.271298068;-0.389874348;47;66.81
10.08.2018;0.006392308;-0.021265298;-0.385412872;0.088692357;-0.5564721;39;67.61
11.08.2018;-0.251075;-0.000259244;-0.5022835;0.276608187;-0.453463203;4;
12.08.2018;-0.351742857;-0.050936021;-0.534402286;-0.202893123;-0.815752455;14;
13.08.2018;0.027863043;0.023366742;-0.277290283;0.236151474;-0.490056568;46;67.25
14.08.2018;-0.013352941;0.023593141;-0.247517059;0.320348947;-0.456786159;34;67.04
15.08.2018;-0.338310638;-0.051243022;-0.446905106;-0.014394103;-0.542037416;47;65.07
16.08.2018;0.360419048;0.061698482;-0.128020048;0.298289227;-0.252000114;42;65.44
17.08.2018;-0.129004;-0.012370623;-0.37459408;0.175681631;-0.397802195;25;65.93
18.08.2018;-0.445325;-0.132044464;-0.56162525;0.291666667;-0.722916667;4;
19.08.2018;-0.0343375;0.036682189;-0.47103725;0.204822616;-0.658766708;8;
20.08.2018;-0.298853488;-0.044382533;-0.359363907;0.163703448;-0.523628512;43;66.5
21.08.2018;-0.0786;0.006099364;-0.257277767;0.352254367;-0.319147924;43;67.32
22.08.2018;-0.07385122;0.006112385;-0.288187854;0.329437175;-0.336474219;41;67.85
23.08.2018;-0.084815556;0.021911021;-0.351010489;0.18278631;-0.462731586;45;69.13
24.08.2018;0.105311538;0.062379714;-0.196926923;0.341529788;-0.308306335;26;69.71
25.08.2018;0.348066667;0.090156084;-0.171535333;0.769585253;-0.475184275;3;
26.08.2018;0.5828;0.070826233;-0.246094636;0.335066385;-0.228139421;11;
27.08.2018;0.422315385;0.10712278;-0.054987692;0.459152712;-0.349793671;39;69.97
28.08.2018;0.054168889;0.029512385;-0.232611289;0.317839072;-0.381574433;45;68.54
29.08.2018;0.100402703;0.015884601;-0.297105108;0.229346858;-0.293381234;37;69.68
30.08.2018;0.101766667;0.03660476;-0.184503308;0.260821586;-0.188654549;39;70.25
31.08.2018;0.090935897;-0.000248512;-0.302783513;0.235148157;-0.364309075;39;69.84
01.09.2018;0.4596;0.04024;0.463238;-0.333333333;0;1;
02.09.2018;-0.1010625;0.034218775;-0.42349525;0.341055724;-0.447013101;8;
03.09.2018;-0.227990476;-0.026256892;-0.331173857;0.248271109;-0.348728009;21;
04.09.2018;-0.37964375;-0.069333896;-0.370933969;0.134750096;-0.640590617;32;69.82
05.09.2018;-0.083906;-0.009082055;-0.26319826;0.124952036;-0.439524449;50;68.69
06.09.2018;-0.282028;-0.065507574;-0.3914534;0.060763174;-0.582864231;25;67.81
07.09.2018;0.012062963;0.018314404;-0.295704926;0.269242591;-0.520827551;27;67.73
08.09.2018;-0.896275;-0.116951583;-0.524971;0.369883041;-0.557142857;4;
09.09.2018;0.047284615;0.005838581;-0.141965923;0.229474725;-0.413875024;13;
10.09.2018;0.354476316;0.045032194;-0.179334368;0.291311623;-0.313340174;38;67.55
11.09.2018;-0.159270213;-0.032753768;-0.24343266;0.358758904;-0.433406945;47;69.29
12.09.2018;-0.005039583;-0.010872685;-0.344163646;0.176309166;-0.366597802;48;70.37
13.09.2018;-0.012676316;-0.000864641;-0.275827342;0.193748359;-0.44364364;38;68.6
14.09.2018;0.026167857;0.026032966;-0.114558179;0.397918483;-0.236589228;28;68.98
15.09.2018;-0.9062;-0.091911111;-0.815204;-0.428571429;-0.538461538;1;
16.09.2018;0.365475;0.092324814;-0.167223375;0.238690476;-0.392066387;8;
17.09.2018;0.1889;0.040663305;-0.178070282;0.212289485;-0.352957509;39;68.86
18.09.2018;0.428031111;0.068466844;-0.179699644;0.315102756;-0.232898974;45;69.87
19.09.2018;0.027807407;0.006418755;-0.221808407;0.313778324;-0.341143938;27;71.08
20.09.2018;0.299862;0.045400559;-0.16825212;0.248125004;-0.298184367;50;70.77
21.09.2018;0.124736585;0.030591027;-0.250695537;0.37074458;-0.244962476;41;70.8
22.09.2018;0.311116667;0.044340719;-0.563719833;0.537114846;-0.337535116;6;
23.09.2018;-0.065578571;-0.002204678;-0.46371225;0.185539287;-0.451200398;28;
24.09.2018;0.001922973;-0.013131557;-0.232163149;0.291049857;-0.392946134;74;73.23
25.09.2018;0.141946552;0.030971692;-0.250522241;0.41242021;-0.402749373;58;73.4
26.09.2018;0.28614902;0.068253574;-0.144197941;0.355934615;-0.19669006;51;72.22
27.09.2018;0.174109804;0.028928053;-0.184653804;0.320410388;-0.358495839;51;72.18
28.09.2018;0.108453333;0.034249268;-0.198132767;0.463122033;-0.344237983;30;73.16
29.09.2018;0.92802;0.10907087;-0.0685722;0.645454545;0.107273954;5;
30.09.2018;0.127668421;0.020267022;-0.281646368;0.412867748;-0.385574706;19;
01.10.2018;0.202790385;0.069934602;-0.098101288;0.415435159;-0.317022266;52;75.37
02.10.2018;0.035697778;-0.0081259;-0.277456489;0.37532219;-0.393327852;45;75.16
03.10.2018;0.171103636;0.038513752;-0.191132145;0.427707598;-0.332788159;55;76.4
04.10.2018;0.157334;0.031448614;-0.2375694;0.374454527;-0.306971565;50;74.44
05.10.2018;0.264621951;0.02476082;-0.245056537;0.45264417;-0.46575711;41;74.26
06.10.2018;-0.112383333;0.003854193;-0.567511833;0.253286066;-0.408853238;6;
07.10.2018;-0.234472727;-0.082033099;-0.178344;0.062687943;-0.633955136;11;
08.10.2018;0.213845283;0.062313781;-0.328051811;0.253039322;-0.425550719;53;74.27
09.10.2018;-0.041159574;0.026390524;-0.257640511;0.346763765;-0.359823738;47;74.95
10.10.2018;0.044827273;0.003933473;-0.317028023;0.205541341;-0.439349526;44;73.18
11.10.2018;-0.433095455;-0.076886524;-0.546247409;0.012424169;-0.665341035;66;70.97
12.10.2018;-0.22924;-0.032058337;-0.379614775;0.337823113;-0.480349378;40;71.41
13.10.2018;-0.9485;-0.08346;-0.482977;1;-1;1;
14.10.2018;-0.46797;-0.136405375;-0.49126485;0.076990383;-0.71550206;20;
15.10.2018;-0.304;-0.076715321;-0.429872687;0.184064165;-0.588410294;67;71.84
16.10.2018;-0.167137288;-0.028003314;-0.35252961;0.243772452;-0.513108593;59;71.93
17.10.2018;-0.052728261;0.005022972;-0.286803587;0.325462151;-0.38536167;46;69.63
18.10.2018;-0.077685965;-0.00981057;-0.254964316;0.330793544;-0.521738933;57;68.63
19.10.2018;-0.359322;-0.053991436;-0.35282594;0.322346711;-0.519330991;50;69.16
20.10.2018;0.115716667;-0.007368735;-0.482168333;0.509257519;-0.274835305;6;
21.10.2018;-0.507964286;-0.112924475;-0.427483786;0.402358071;-0.469508527;14;
22.10.2018;-0.389473077;-0.081743307;-0.364922346;0.155743167;-0.448240669;52;69.25
23.10.2018;-0.507790476;-0.074974628;-0.408862429;0.103402464;-0.569314807;63;66.49
24.10.2018;-0.175641071;-0.046518536;-0.375918625;0.14516117;-0.429687553;56;66.56
25.10.2018;0.04425;0.043833272;-0.281925682;0.24147156;-0.336137158;44;67.25
26.10.2018;-0.1620575;-0.033084287;-0.337833625;0.151995428;-0.38266707;40;67.58
27.10.2018;-0.97825;-0.26776341;-0.60263625;-0.011363636;-0.729166667;4;
28.10.2018;-0.010233333;0.016021369;-0.343268167;0.295237666;-0.476285973;12;
29.10.2018;-0.115683784;-0.024503059;-0.323650459;0.168216394;-0.419802955;37;67
30.10.2018;0.212265306;0.05399814;-0.154160673;0.302983188;-0.268756833;49;66.18
31.10.2018;-0.002030189;0.011523459;-0.240813434;0.309819108;-0.200730797;53;65.31
01.11.2018;0.198782609;0.034813639;-0.264095652;0.221163628;-0.343154103;46;63.67
02.11.2018;0.308782857;0.075300912;-0.215947743;0.340715343;-0.444768568;35;63.12
03.11.2018;0.31624;0.15035333;-0.4308524;0.488351648;-0.842722833;10;
04.11.2018;0.216857143;0.033164941;-0.447249857;0.24981926;-0.625073851;21;
05.11.2018;0.223625806;0.078403213;-0.406334968;0.101710419;-0.580539141;62;63.12
06.11.2018;-0.028473077;-0.000456808;-0.274841269;0.365533762;-0.306959318;52;62.16
07.11.2018;0.056702381;-0.003292381;-0.22106781;0.303506311;-0.239976498;42;61.69
08.11.2018;0.079622727;0.029343821;-0.3674075;0.09802638;-0.347208905;44;60.71
09.11.2018;-0.073297959;-0.023719201;-0.423415939;-0.080108175;-0.470607141;49;60.19
10.11.2018;-0.1958;-0.067161055;-0.4303015;-0.042282554;-0.384632035;6;
11.11.2018;-0.312495238;-0.055128232;-0.41316619;0.198360123;-0.636639958;21;
12.11.2018;-0.089442667;-0.032291939;-0.40972476;0.09856708;-0.478890225;75;59.85
13.11.2018;-0.050573438;0.010686638;-0.408909547;0.210020078;-0.458900377;64;55.63
14.11.2018;-0.081631579;-0.023372896;-0.433907368;0.129636979;-0.52588506;57;56.16
15.11.2018;-0.027784091;-0.020593688;-0.276329386;0.189146741;-0.328237932;44;56.45
16.11.2018;-0.136554286;-0.009762146;-0.373846286;0.172509927;-0.447808882;35;56.49
17.11.2018;-0.4572;-0.160163826;-0.56232825;0.266666667;-0.75093985;4;
18.11.2018;-0.230366667;-0.016234131;-0.489524167;0.013052768;-0.505469541;6;
19.11.2018;-0.1769;-0.019042979;-0.284775761;0.049059376;-0.500726839;46;57.16
20.11.2018;-0.371610638;-0.101491233;-0.508747426;-0.081617603;-0.591555765;47;53.39
21.11.2018;-0.093817391;-0.032769213;-0.357781174;0.291409376;-0.373964572;46;54.41
22.11.2018;-0.133994872;-0.025915673;-0.405488436;0.101924183;-0.537621422;39;
23.11.2018;-0.365435135;-0.031330765;-0.436458568;-0.04053457;-0.511102089;37;
24.11.2018;-0.49125;-0.080592817;-0.5569365;0.269500108;-0.658281087;4;
25.11.2018;-0.385754545;-0.074070687;-0.368423545;-0.249109867;-0.60232671;11;
26.11.2018;-0.060222222;0.008472997;-0.291922429;0.15823928;-0.410453035;63;51.46
27.11.2018;-0.063682927;-0.02544063;-0.428594902;0.123506126;-0.535744772;41;51.31
28.11.2018;0.067344231;0.029271112;-0.271343577;0.169950237;-0.304338507;52;50.06
29.11.2018;0.156671111;0.031165881;-0.364392178;0.235382198;-0.397123514;45;51.46
30.11.2018;0.020160714;0.036654561;-0.271259839;0.263712557;-0.404051446;56;50.78
01.12.2018;-0.02987;-0.051650127;-0.3185434;0.373081554;-0.335898962;10;
02.12.2018;0.147704762;-0.000483559;-0.283557857;0.264261658;-0.40994187;21;
03.12.2018;0.227141538;0.049875696;-0.177107477;0.430258377;-0.261272901;65;52.98
04.12.2018;-0.323588;-0.074207101;-0.5092771;0.029938257;-0.619443221;50;53.21
05.12.2018;-0.336915385;-0.050517541;-0.475439815;0.100523525;-0.438870802;65;52.64
06.12.2018;-0.451075362;-0.094158375;-0.501407638;-0.16253474;-0.714514511;69;51.54
07.12.2018;0.073419298;-0.000156281;-0.369052175;0.172567644;-0.457600219;57;52.76
08.12.2018;0.031366667;-0.061475464;-0.2100435;0.217309797;-0.418296527;6;
09.12.2018;-0.207738889;-0.037962631;-0.419031667;0.238470987;-0.390929078;18;
10.12.2018;-0.2373;-0.043731202;-0.416219528;0.141021237;-0.41663665;53;51.07
11.12.2018;-0.200083673;-0.038753546;-0.422470898;0.262017546;-0.555165544;49;51.65
12.12.2018;0.187034694;0.006120652;-0.304548408;0.31710802;-0.428800042;49;51.04
13.12.2018;0.043776316;0.01026706;-0.266778895;0.161574812;-0.389356028;38;52.69
14.12.2018;-0.305204348;-0.051041811;-0.52134687;0.174787068;-0.568624609;23;51.26
15.12.2018;0.143133333;0.089994938;-0.147694167;0.629040404;-0.117882448;6;
16.12.2018;-0.198621429;0.012485969;-0.359808643;0.139301653;-0.547578513;14;
17.12.2018;-0.0719;0.031212525;-0.358904111;0.192841307;-0.470516469;36;49.8
18.12.2018;-0.258143182;-0.043322048;-0.554874341;0.007368047;-0.630174957;44;46.12
19.12.2018;0.364017647;0.058157352;-0.305323627;0.147711031;-0.385925101;51;47.96
20.12.2018;-0.081193182;-0.006787236;-0.420411636;0.115822728;-0.503417827;44;45.64
21.12.2018;-0.068657143;-0.028352958;-0.390329762;0.156678886;-0.551041144;42;45.38
22.12.2018;0.818733333;0.038421806;-0.553349667;0.626984127;-0.490842491;3;
23.12.2018;-0.663189474;-0.129648597;-0.469027158;0.05653355;-0.630386985;19;
24.12.2018;-0.204444444;-0.021635836;-0.354992333;-0.015737083;-0.470443207;27;
25.12.2018;-0.140866667;-0.045397249;-0.355682533;0.028126927;-0.580214753;15;
26.12.2018;-0.082063333;0.008392206;-0.2734647;0.337731368;-0.334139604;30;46.04
27.12.2018;-0.198512121;-0.008163313;-0.357178606;0.140153661;-0.465295004;33;44.48
28.12.2018;-0.103664;-0.009059949;-0.3420064;0.255126248;-0.423869084;25;45.15
29.12.2018;-0.20284;0.011826487;-0.3874844;0.438945781;-0.356266234;5;
30.12.2018;0.241841667;0.038171797;-0.3585645;0.227118143;-0.306042305;12;
31.12.2018;0.090496154;-0.008776001;-0.344525769;0.203111823;-0.263309666;26;
01.01.2019;-0.1863375;-0.001124257;-0.508885;0.021491566;-0.488227492;8;
02.01.2019;-0.24573125;-0.049563822;-0.528710542;0.045349321;-0.601056727;48;46.31
03.01.2019;-0.14885;-0.027314877;-0.328917833;0.062100289;-0.495533273;36;46.92
04.01.2019;0.208512903;0.051524966;-0.183552839;0.38143342;-0.392463774;31;47.76
05.01.2019;0.6801;0.136557143;-0.356881;1;-0.333333333;1;
06.01.2019;0.130507692;-0.030494822;-0.277330385;0.345713413;-0.396569028;13;
07.01.2019;-0.010184783;-0.004227622;-0.119743826;0.33984571;-0.285856754;46;48.27
08.01.2019;0.474160465;0.079955028;-0.089170814;0.357979088;-0.243377838;43;49.58
09.01.2019;0.40535122;0.102131716;-0.100522195;0.41118026;-0.120839829;41;52.19
10.01.2019;-0.016727027;0.019296816;-0.323253297;0.253981249;-0.338185708;37;52.42
11.01.2019;0.303442308;0.055650116;-0.297110038;0.22895019;-0.35019721;26;51.44
12.01.2019;0.599575;0.142041486;-0.12895275;0.583448912;-0.269258128;12;
13.01.2019;0.030235714;-0.008973607;-0.249259571;0.106877274;-0.383724434;14;
14.01.2019;-0.13734359;-0.034845337;-0.278687692;0.050565669;-0.338187156;39;50.31
15.01.2019;0.078331818;0.023929814;-0.242161477;0.26622338;-0.380177502;44;51.8
16.01.2019;0.077886207;0.004285492;-0.175378207;0.370409643;-0.466978943;29;52.08
17.01.2019;0.166640541;0.002679788;-0.326147027;0.157188495;-0.410965982;37;51.83
18.01.2019;0.348383333;0.072740719;-0.152261806;0.369785971;-0.21986076;36;53.6
19.01.2019;-0.9952;-0.214772414;-0.478936;0.833333333;-0.846153846;1;
20.01.2019;-0.083545455;-0.034802415;-0.149981;0.37340309;-0.429122838;11;
21.01.2019;-0.13412;-0.021998317;-0.3525338;0.254415222;-0.641502012;25;
22.01.2019;-0.038865;-0.02466585;-0.363471825;0.158266289;-0.560277969;40;52.59
23.01.2019;0.115302273;0.004478671;-0.321126818;0.223006525;-0.440647541;44;52.44
24.01.2019;0.108883673;0.002880528;-0.275516041;0.313034337;-0.46552971;49;52.94
25.01.2019;0.363877778;0.053578185;-0.313593148;0.251163414;-0.391830151;27;53.53
26.01.2019;0.327533333;-0.004911937;-0.426169333;0.232380952;-0.453889248;3;
27.01.2019;0.257953846;0.087654252;-0.148557462;0.34857589;-0.376814858;13;
28.01.2019;-0.017235088;0.002740023;-0.381875947;0.152431627;-0.598469047;57;51.79
29.01.2019;-0.044408197;-0.006868296;-0.374331148;0.253682369;-0.513420736;61;53.07
30.01.2019;-0.03947;-0.002178787;-0.24069215;0.38376047;-0.487683212;40;54.18
31.01.2019;0.17522381;0.042383271;-0.096085143;0.359473147;-0.28923268;63;53.84
01.02.2019;0.42485;0.102460044;0.040300562;0.377058623;-0.090109954;32;55.29
02.02.2019;0.3366;0.053003095;-0.49375125;0.164502165;-0.489343989;4;
03.02.2019;0.6117;0.067346258;-0.163799909;0.365377215;-0.193306871;11;
04.02.2019;-0.0652875;-0.004083753;-0.328831925;0.371625469;-0.510375645;40;54.57
05.02.2019;0.335336;0.072963988;-0.12827922;0.335691702;-0.258358826;50;53.69
06.02.2019;0.027463636;0.028227167;-0.253989614;0.231448971;-0.428149066;44;53.94
07.02.2019;-0.031016279;0.014146355;-0.407731628;0.065471708;-0.580806846;43;52.68
08.02.2019;0.048215789;0.023891219;-0.369407263;0.104409531;-0.519529901;38;52.75
09.02.2019;-0.2632625;-0.071556483;-0.337595;0.364520677;-0.532650987;8;
10.02.2019;-0.1661;-0.035187158;-0.212483583;0.55276069;-0.324096476;12;
11.02.2019;0.10045102;0.021120134;-0.344093367;0.305544231;-0.440778612;49;52.43
12.02.2019;0.301636735;0.05067406;-0.090064082;0.342636742;-0.322720376;49;53.14
13.02.2019;0.281929091;0.062862877;-0.057691891;0.339602305;-0.311824548;55;53.84
14.02.2019;0.143509615;0.007239919;-0.256990558;0.205195516;-0.460890139;52;54.4
15.02.2019;0.100168293;-0.004753913;-0.239410463;0.358086258;-0.339889739;41;55.58
16.02.2019;-0.28718;-0.064401643;-0.1474222;0.111868132;-0.605692392;5;
17.02.2019;0.0851875;0.041553922;-0.145389813;0.236154639;-0.299947423;16;
18.02.2019;0.284413043;0.062789788;-0.118453261;0.506162397;-0.198019823;23;
19.02.2019;0.284668571;0.074366615;-0.142518229;0.310396291;-0.27358767;35;56.12
20.02.2019;0.475247826;0.097147257;-0.062423348;0.428001716;-0.17480366;46;56.9
21.02.2019;0.13587;0.02076693;-0.164862;0.365856639;-0.250945387;40;56.95
22.02.2019;0.255569444;0.063631017;-0.049798944;0.409412271;-0.195202883;36;57.01
23.02.2019;-0.256883333;-0.054143009;-0.455610667;0.081342701;-0.532705598;6;
24.02.2019;0.51055;0.123533793;0.1231;0.753241427;-0.005912698;8;
25.02.2019;0.2962925;0.044227918;-0.273654325;0.408066366;-0.297578439;40;55.32
26.02.2019;0.070806818;0.057839362;-0.25979925;0.303272547;-0.345245932;44;55.4
27.02.2019;-0.040728333;0.01068317;-0.23663645;0.286418869;-0.398010213;60;56.92
28.02.2019;0.047935714;-0.027718762;-0.210979024;0.302706022;-0.332343836;42;57.21
01.03.2019;0.140886486;0.027082416;-0.204213486;0.194304156;-0.43848404;37;55.76
02.03.2019;-0.321383333;-0.135147971;-0.583759333;0.072077922;-0.501391299;6;
03.03.2019;0.86425;0.137236187;-0.01008125;0.386831302;-0.164566545;8;
04.03.2019;0.249783871;0.056732622;-0.249146258;0.308708933;-0.486805833;31;56.6
05.03.2019;0.365397297;0.052767764;-0.090047351;0.303753357;-0.269832928;37;56.55
06.03.2019;0.2148175;0.058776353;-0.176713625;0.334097508;-0.325260951;40;56.22
07.03.2019;-0.188788571;0.016804361;-0.290734171;0.280412976;-0.47632047;35;56.6
08.03.2019;-0.019714286;-0.011303837;-0.359665048;0.129468176;-0.467814869;42;55.77
09.03.2019;-0.5763;-0.079788413;-0.355346;0.343434343;-0.491666667;6;
10.03.2019;0.0049125;-0.001303341;-0.371398125;0.344609248;-0.502888373;16;
11.03.2019;0.20348871;0.040101173;-0.188661;0.357145918;-0.24827323;62;56.79
12.03.2019;0.152904839;0.020778795;-0.253327742;0.271082942;-0.429237125;62;56.89
13.03.2019;0.099915909;0.011992125;-0.281638636;0.335240839;-0.377450553;44;58.27
14.03.2019;0.269814286;0.059629131;-0.281896738;0.251780383;-0.276915424;42;58.59
15.03.2019;0.3038075;0.056070571;-0.254463325;0.352465038;-0.355480517;40;58.51
16.03.2019;0.30085;0.083194084;-0.2652365;0.552805281;-0.548941799;4;
17.03.2019;0.319104167;0.108190461;-0.091789333;0.221446376;-0.077792036;24;
18.03.2019;0.214422727;0.043039119;-0.226872955;0.424822002;-0.261737917;44;59.09
19.03.2019;0.093294595;0.003564484;-0.237708865;0.340166589;-0.394922708;37;59.12
20.03.2019;-0.030108824;0.01314936;-0.287317471;0.189768937;-0.43900431;34;60.12
21.03.2019;0.040811628;0.009018033;-0.331328419;0.224662924;-0.447658832;43;59.98
22.03.2019;-0.22094;-0.03489791;-0.408979467;0.149415814;-0.428387525;30;58.87
23.03.2019;-0.6084;-0.101984234;-0.666836;0.373219373;-0.849206349;3;
24.03.2019;-0.176722222;-0.101254447;-0.494126333;0.330808081;-0.576753169;9;
25.03.2019;-0.333228571;-0.036977787;-0.383710321;0.252292302;-0.40307;28;58.71
26.03.2019;0.055570909;0.010738959;-0.341931018;0.311824208;-0.305885672;55;59.87
27.03.2019;-0.056202703;-0.006848831;-0.37418173;0.158450052;-0.509813292;37;59.39
28.03.2019;-0.259421212;-0.027278552;-0.293226182;0.182847198;-0.404661332;33;59.29
29.03.2019;0.206548485;0.036223479;-0.258196636;0.352732755;-0.358665562;33;60.19
30.03.2019;0.202228571;0.046769812;-0.502521571;0.642176871;-0.424254956;7;
31.03.2019;0.536694737;0.085570168;0.006195263;0.461356025;-0.395332586;19;
01.04.2019;0.190883333;0.039446943;-0.099233619;0.363734877;-0.294609447;42;61.59
02.04.2019;0.1587575;0.01985099;-0.198901825;0.357529559;-0.403684221;40;62.53
03.04.2019;0.260957143;0.059239653;-0.103834214;0.361908786;-0.376427169;28;62.46
04.04.2019;-0.020496552;0.017660597;-0.213543;0.145834682;-0.299463986;29;62.12
05.04.2019;0.222773077;0.022811408;-0.292316769;0.289821784;-0.548900233;26;63.1
06.04.2019;0.741842857;0.219105259;-0.010712857;0.509267849;-0.126195464;7;
07.04.2019;0.169507692;0.067211519;-0.153929769;0.496204268;-0.271267346;13;
08.04.2019;0.26099434;0.025957964;-0.182781962;0.314628063;-0.345249138;53;64.37
09.04.2019;0.165255556;0.010460748;-0.33645787;0.262506919;-0.445369097;54;64.05
10.04.2019;-0.01676;0.007932152;-0.380225571;0.246414837;-0.462090168;35;64.62
11.04.2019;0.087622917;-0.009191744;-0.381682729;0.202973938;-0.492317833;48;63.61
12.04.2019;0.528092683;0.13007902;-0.053844976;0.546878025;-0.168283319;41;63.86
13.04.2019;-0.22764;0.031482899;-0.1432298;0.225890484;0.006722689;5;
14.04.2019;0.00545;-0.016636865;-0.214384643;0.403163415;-0.323391982;14;
15.04.2019;0.300853333;0.034498002;-0.258292733;0.160033905;-0.488452514;45;63.43
16.04.2019;0.368269444;0.063717288;-0.163747722;0.358548192;-0.186172783;36;64.01
17.04.2019;0.432154545;0.050492598;-0.115704618;0.372371314;-0.253808925;55;63.74
18.04.2019;0.129311905;0.000899202;-0.272734143;0.218022653;-0.328530109;42;64.02
19.04.2019;0.252766667;0.060905815;-0.26650375;0.17145256;-0.492784993;12;
20.04.2019;0.748044444;0.105138038;-0.122223444;0.542847255;0.101913313;9;
21.04.2019;0.240923077;0.057997945;-0.272474077;0.448880523;-0.211975036;13;
22.04.2019;0.062409434;0.000747489;-0.244084906;0.26688289;-0.232640434;53;65.66
23.04.2019;0.123373913;0.011079983;-0.25837142;0.41183522;-0.337379356;69;66.24
24.04.2019;0.26390339;0.066978931;-0.152576593;0.365791844;-0.231058595;59;65.96
25.04.2019;-0.084661364;0.00908233;-0.273774477;0.305390627;-0.301777871;44;65.23
26.04.2019;0.378567925;0.070052181;-0.297951566;0.126761544;-0.412264739;53;63.29
27.04.2019;-0.28448;-0.13561893;-0.5924898;0.144949495;-0.695023527;5;
28.04.2019;-0.01904;0.036916918;-0.4662225;0.25810101;-0.514785448;10;
29.04.2019;0.253195455;0.047264699;-0.235574303;0.368180333;-0.327598636;66;63.39
30.04.2019;0.309794643;0.05660527;-0.160274911;0.319594565;-0.34631632;56;63.83
01.05.2019;0.355777551;0.054558061;-0.166549939;0.372055721;-0.338717438;49;63.55
02.05.2019;-0.085013636;-0.003245137;-0.362072455;0.183963656;-0.495365073;44;61.75
03.05.2019;0.165632;0.022695057;-0.24680782;0.159060597;-0.345962732;50;61.98
04.05.2019;0.098625;0.046969419;-0.05864325;0.614718615;-0.020833333;4;
05.05.2019;0.069488889;0.078526128;-0.267309222;0.287324732;-0.404293075;18;
06.05.2019;-0.034151282;0.027412755;-0.191301667;0.226032984;-0.361186572;39;62.3
07.05.2019;-0.112961364;-0.003310756;-0.364423614;0.062181351;-0.599314421;44;61.41
08.05.2019;-0.339432;-0.045628987;-0.38246066;0.03947027;-0.447968264;50;62.13
09.05.2019;-0.058161538;-0.015387507;-0.489968487;0.097634745;-0.535982164;39;61.58
10.05.2019;-0.190778378;0.017998048;-0.351132811;0.224507457;-0.540814554;37;61.65
11.05.2019;-0.02395;-0.100863327;-0.49951875;0.24924812;-0.382792208;4;
12.05.2019;-0.040611111;-0.009526432;-0.546443667;0.02633922;-0.644351921;9;
13.05.2019;-0.411859524;-0.081661232;-0.499229405;0.113455934;-0.6228409;42;60.97
14.05.2019;-0.363281132;-0.082004954;-0.466363491;0.247854975;-0.483484503;53;61.82
15.05.2019;-0.385003636;-0.074767449;-0.450336091;0.077026809;-0.477854742;55;62.03
16.05.2019;-0.2041;-0.029720817;-0.300052658;0.251149461;-0.353125793;38;62.93
17.05.2019;-0.3745;-0.073092609;-0.40782444;0.095155309;-0.546644193;25;62.77
18.05.2019;-0.379875;-0.175436296;-0.528221125;0.101833935;-0.503254945;8;
19.05.2019;-0.03476875;-0.034731014;-0.365307656;0.184573338;-0.379791297;32;
20.05.2019;-0.324834375;-0.054103815;-0.472062406;0.068363799;-0.564044496;32;63.12
21.05.2019;-0.39759375;-0.058416557;-0.32453725;0.104349899;-0.479381096;32;63.02
22.05.2019;-0.224393333;-0.035607937;-0.3162175;0.079344568;-0.468343567;30;61.42
23.05.2019;-0.349894872;-0.035305984;-0.478270051;0.097840416;-0.559908353;39;57.65
24.05.2019;-0.460242857;-0.059995791;-0.470370357;0.153892194;-0.540868243;28;58.4
25.05.2019;0.322166667;-0.003641628;-0.168202667;0.346457938;-0.506914345;3;
26.05.2019;-0.2121625;-0.039094869;-0.418689;0.202895022;-0.535541624;8;
27.05.2019;-0.39078125;-0.021399449;-0.472041813;0.21210466;-0.572777196;16;
28.05.2019;-0.073433333;-0.034015073;-0.336211974;0.145845407;-0.525390918;39;58.91
29.05.2019;-0.049811111;-0.015061344;-0.336021944;0.091874083;-0.525415922;36;58.84
30.05.2019;-0.439938;-0.088200104;-0.4257356;0.044137365;-0.513577795;50;56.47
31.05.2019;-0.402466667;-0.073539204;-0.43689703;0.0836524;-0.582922687;33;53.49
01.06.2019;-0.04675;-0.079013939;-0.467629;0;-0.636363636;2;
02.06.2019;-0.410533333;-0.05157484;-0.579934111;-0.026655601;-0.785366509;9;
03.06.2019;-0.202955172;-0.029609923;-0.361897448;0.065954947;-0.553861218;29;53.25
04.06.2019;-0.143853125;-0.023621595;-0.341523813;0.072408593;-0.577390442;32;53.5
05.06.2019;-0.046092857;0.001664944;-0.41443675;0.185978931;-0.378795308;28;51.57
06.06.2019;-0.050884783;0.019856892;-0.233330522;0.319029274;-0.349270265;46;52.59
07.06.2019;0.086530952;0.051710836;-0.199031524;0.214307286;-0.378144243;42;53.95
08.06.2019;-0.573866667;-0.122687853;-0.620299333;0.147874475;-0.75185231;6;
09.06.2019;-0.078083333;-0.076095202;-0.401343;0.369258088;-0.501336099;12;
10.06.2019;-0.056856757;0.02088753;-0.291787946;0.225280742;-0.391960504;37;53.33
11.06.2019;0.252929545;0.052231743;-0.275984545;0.265832831;-0.479281211;44;53.3
12.06.2019;-0.062173585;-0.017388632;-0.437411491;0.181102367;-0.618356083;53;51.13
13.06.2019;-0.305177108;-0.083294579;-0.425392048;0.320860893;-0.548378386;83;52.38
14.06.2019;-0.286908955;-0.065099171;-0.465620493;0.241846026;-0.590261074;67;52.47
15.06.2019;0.35937;0.081179688;-0.1065719;0.605516914;-0.2643301;10;
16.06.2019;-0.295505;-0.043842789;-0.23571425;0.247827489;-0.525263265;20;
17.06.2019;0.006438462;0.035665782;-0.35450325;0.297637307;-0.53336768;52;51.94
18.06.2019;-0.179286047;0.00363784;-0.275071395;0.184395907;-0.466149999;43;53.86
19.06.2019;-0.034691667;0.00970912;-0.223326528;0.273631481;-0.383621392;36;53.74
20.06.2019;0.024815873;-0.002410521;-0.404921476;0.206856732;-0.422678061;63;56.88
21.06.2019;-0.269915217;-0.065591291;-0.432487217;0.208547205;-0.461949977;46;57.35
22.06.2019;-0.312663636;-0.074226749;-0.454900182;0.391486291;-0.641909079;11;
23.06.2019;-0.15957;0.019264023;-0.2830265;0.118408602;-0.480489997;10;
24.06.2019;-0.039194444;0.009959464;-0.304246815;0.247927816;-0.449889154;54;57.73
25.06.2019;-0.213167742;-0.031172034;-0.364292452;0.078545719;-0.588952028;31;57.63
26.06.2019;-0.14026;-0.0348468;-0.2960829;0.259624209;-0.38385785;50;59.17
27.06.2019;0.225717241;0.080516858;-0.29909869;0.219556047;-0.419033563;29;59.18
28.06.2019;0.222348571;0.068987104;-0.191696971;0.175389802;-0.451916658;35;58.2
29.06.2019;0.412918182;0.172911042;-0.078169;0.438468428;-0.170954223;11;
30.06.2019;0.50376;0.134905002;-0.194130667;0.222225193;-0.148640712;15;
01.07.2019;0.37768;0.085081227;-0.166135862;0.323954229;-0.210548716;65;58.91
02.07.2019;-0.10165;-0.031199507;-0.466101068;0.125417318;-0.521840389;44;56
03.07.2019;-0.182872973;-0.012117851;-0.320393405;0.248441245;-0.459206822;37;57.06
04.07.2019;0.013696296;0.003635678;-0.319205519;0.119268918;-0.5051408;27;
05.07.2019;-0.257145714;-0.054355839;-0.475539143;0.233018971;-0.581405107;35;
06.07.2019;-0.93105;-0.313740909;-0.7729425;0.214285714;-0.822222222;2;
07.07.2019;-0.17359;0.015185995;-0.2354705;0.232283171;-0.301235272;10;
08.07.2019;-0.386175;-0.053911472;-0.402353571;0.15236084;-0.543793702;28;57.35
09.07.2019;-0.1003625;-0.001177002;-0.358737156;0.057626233;-0.507785598;32;57.57
10.07.2019;0.13262;0.014992909;-0.293080578;0.295749933;-0.265285085;45;60.28
11.07.2019;-0.392211111;-0.065919831;-0.443372933;0.255424994;-0.535084101;45;59.93
12.07.2019;-0.113075758;-0.041176157;-0.453103606;0.129761558;-0.496799747;33;59.99
13.07.2019;-0.5955;-0.045408795;-0.51179075;0.263888889;-0.582236842;4;
14.07.2019;0.406142857;0.01394318;-0.311021857;0.420874099;-0.302107416;7;
15.07.2019;0.010445161;0.041673827;-0.286748032;0.203627341;-0.411190517;31;59.3
16.07.2019;0.101135714;0.05897747;-0.291916821;0.28511943;-0.36456178;28;57.44
17.07.2019;0.102870968;0.010968815;-0.385766194;0.190615307;-0.467081516;31;56.5
18.07.2019;-0.049970213;-0.023154826;-0.385920489;0.127461443;-0.562116813;47;55.08
19.07.2019;-0.277747619;-0.048110896;-0.32379631;0.234721146;-0.515405921;42;55.42
20.07.2019;-0.00065;-0.02095902;-0.194726;0.455128205;-0.329545455;2;
21.07.2019;-0.2730875;-0.071109559;-0.484836438;0.16653668;-0.540578842;16;
22.07.2019;-0.024380392;-0.003371662;-0.362307549;0.289113036;-0.485511381;51;55.87
23.07.2019;0.131106667;0.040531839;-0.297539356;0.316324457;-0.383877846;45;56.58
24.07.2019;0.0445375;0.036072653;-0.2135027;0.258697834;-0.461487055;40;55.9
25.07.2019;0.374203333;0.101118405;-0.077218733;0.138261317;-0.437176042;30;55.88
26.07.2019;0.654894444;0.122267675;-0.144209056;0.141355793;-0.401693224;36;56.04
27.07.2019;0.9477;0.139264706;0.833467;1;1;1;
28.07.2019;0.947042857;0.13783372;-0.327188143;0.220062163;-0.355122655;7;
29.07.2019;-0.04008;0.030210977;-0.20525132;0.275932964;-0.309360346;25;56.85
30.07.2019;0.205393103;0.04591846;-0.093903414;0.269244256;-0.332491645;29;58.04
31.07.2019;-0.132276471;-0.016062016;-0.292210735;0.236681216;-0.424930455;34;58.53
01.08.2019;-0.091594118;-0.015672518;-0.369898324;0.21335406;-0.505827083;34;53.64
02.08.2019;-0.170622222;-0.067274738;-0.341265083;0.136907685;-0.541746251;36;55.67
03.08.2019;-0.454275;-0.074533718;-0.29935225;-0.033056973;-0.274553571;4;
04.08.2019;-0.5582;-0.171595447;-0.558440167;-0.013841587;-0.722992439;12;
05.08.2019;-0.356313333;-0.081614747;-0.382608033;0.099701862;-0.550949668;30;54.63
06.08.2019;-0.427585294;-0.032922486;-0.501863;-0.007398249;-0.60089913;34;53.6
07.08.2019;-0.364007895;-0.110952575;-0.432768658;0.196115054;-0.633190667;38;51.14
08.08.2019;-0.114426316;-0.001537476;-0.241805658;0.085106215;-0.376021341;38;52.6
09.08.2019;-0.204381481;-0.047675578;-0.440717815;0.166094439;-0.535337007;27;54.41
10.08.2019;-0.0679;-0.019007692;-0.483936;0.052631579;-0.304347826;1;
11.08.2019;-0.98426;-0.160417505;-0.5760652;0.181267806;-0.702107527;5;
12.08.2019;-0.074047059;0.026340058;-0.267025265;0.264915423;-0.409313037;34;54.98
13.08.2019;-0.031128571;-0.01830517;-0.388028893;0.331025448;-0.486572807;28;57.05
14.08.2019;-0.414561538;-0.079327899;-0.457725795;0.02512922;-0.558371792;39;55.16
15.08.2019;-0.424044444;-0.053849716;-0.415390667;0.07098594;-0.597568614;36;54.51
16.08.2019;-0.003705;0.01351954;-0.3179979;0.313507713;-0.374276451;20;54.83
17.08.2019;0.9973;0.101037905;-0.430448;0.631578947;-0.435167615;2;
18.08.2019;-0.108911111;-0.075854645;-0.579973778;0.272304693;-0.579409377;9;
19.08.2019;0.24957027;0.030970343;-0.213996216;0.368919291;-0.387349075;37;56.24
20.08.2019;0.063591176;0.006525365;-0.378476912;0.106008142;-0.481355171;34;56.18
21.08.2019;0.02529697;0.016613895;-0.320219485;0.235550774;-0.465562387;33;55.65
22.08.2019;-0.3768375;-0.060672276;-0.378528125;0.089928408;-0.598762901;32;55.33
23.08.2019;-0.164978788;-0.047336643;-0.371051697;0.110520953;-0.556947618;33;54.08
24.08.2019;-0.9798;-0.245628095;-0.6161965;0.361904762;-0.696551724;2;
25.08.2019;-0.328138462;-0.09937517;-0.480687923;-0.022651935;-0.586583866;13;
26.08.2019;-0.200991429;-0.023466378;-0.3504204;0.091793079;-0.428271842;35;53.54
27.08.2019;-0.029584615;0.007397736;-0.326396038;0.326697491;-0.503066235;26;54.99
28.08.2019;-0.188278049;-0.032048444;-0.238036341;0.229339135;-0.486622511;41;55.76
29.08.2019;0.236593939;0.03980741;-0.329248667;0.272644237;-0.374281956;33;56.67
30.08.2019;-0.045223529;0.022952404;-0.287634941;0.031767361;-0.457901925;17;55.07
31.08.2019;0.36977;0.061178613;-0.1856818;0.275727555;-0.277387163;10;
01.09.2019;-0.092109091;-0.021929214;-0.473038727;0.025717936;-0.545312164;11;
02.09.2019;-0.19236;-0.020808079;-0.3263762;0.304763912;-0.432348509;25;
03.09.2019;-0.366465625;-0.0694305;-0.417299656;-0.065929532;-0.573234238;32;53.91
04.09.2019;0.112396552;0.094096361;0.032633034;0.396011359;-0.233635639;29;56.22
05.09.2019;0.302713158;0.047324501;-0.2064865;0.306308774;-0.426940862;38;56.33
06.09.2019;0.49905;0.047226166;-0.198790346;0.269076073;-0.29048739;26;56.45
07.09.2019;0.096228571;-0.012662974;-0.284178571;0.027689237;-0.328725815;7;
08.09.2019;0.255271429;0.075386097;-0.317898286;0.340899213;-0.428939909;14;
09.09.2019;0.308915;0.105203231;-0.021949167;0.330573893;-0.223467768;60;57.88
10.09.2019;0.183608;0.037891697;-0.24451342;0.322580537;-0.459707528;50;57.37
11.09.2019;0.248205357;0.050700011;-0.268616464;0.247617622;-0.457112335;56;55.66
12.09.2019;0.214343137;0.063928042;-0.242033078;0.278525423;-0.338950924;51;55.13
13.09.2019;0.411010526;0.05277961;-0.157813895;0.541750803;-0.45610781;19;54.76
14.09.2019;-0.444009524;-0.150318878;-0.549037381;0.318061077;-0.46815574;21;
15.09.2019;-0.643575;-0.185981248;-0.551792708;0.346977901;-0.604561596;48;
16.09.2019;-0.466718519;-0.12388534;-0.44461308;0.284428565;-0.470230591;162;63.1
17.09.2019;-0.42695;-0.100837547;-0.503034815;0.104279526;-0.525202951;130;59.26
18.09.2019;-0.362826882;-0.078211691;-0.499865656;0.202498673;-0.651103611;93;58.19
19.09.2019;-0.306354167;-0.054949753;-0.404813375;0.260791848;-0.541731277;48;58.19
20.09.2019;-0.208125926;-0.043073491;-0.409569759;0.367164993;-0.477570097;54;57.92
21.09.2019;-0.3573;-0.06863902;-0.516942231;0.290073085;-0.560909086;13;
22.09.2019;-0.097677778;-0.025526602;-0.356790167;0.281537214;-0.467489824;18;
23.09.2019;-0.175653659;-0.006671931;-0.449145976;0.292282838;-0.530290359;41;58.69
24.09.2019;-0.151438636;-0.030962332;-0.514692909;0.278758436;-0.576405247;44;57.22
25.09.2019;-0.357031915;-0.068353046;-0.421982851;0.021838933;-0.614812907;47;56.38
26.09.2019;-0.063256818;0.023578397;-0.26946825;0.240913104;-0.440115635;44;56.24
27.09.2019;-0.412277419;-0.043544259;-0.460673258;0.134822321;-0.555237639;31;55.95
28.09.2019;0.2108;0.04775449;0.056862;0.701857283;-0.518518519;3;
29.09.2019;-0.4575;-0.102246489;-0.489950222;-0.144729838;-0.584437091;9;
30.09.2019;-0.146604878;-0.035706481;-0.374696268;0.313263158;-0.507377244;41;54.09
01.10.2019;-0.059502857;-0.003511056;-0.429793057;0.174075044;-0.355364694;35;53.6
02.10.2019;-0.337148077;-0.073699452;-0.40372425;0.147317216;-0.539099045;52;52.67
03.10.2019;-0.224891667;-0.087999867;-0.438519056;0.134215045;-0.587352845;36;52.41
04.10.2019;-0.170344444;-0.022041282;-0.378864593;0.130632937;-0.512607741;27;52.84
05.10.2019;-0.9325;-0.099762225;-0.575763;0.486772487;-0.730769231;3;
06.10.2019;-0.218428571;-0.064147682;-0.228938571;0.277488299;-0.327673505;14;
07.10.2019;-0.090765625;0.002568414;-0.395563531;0.261902452;-0.423901785;32;52.76
08.10.2019;-0.332541667;-0.068080187;-0.50228575;0.185638319;-0.671389986;24;52.64
09.10.2019;-0.346865909;-0.037404787;-0.443522432;0.2772695;-0.503415988;44;52.63
10.10.2019;0.073658537;-0.011243136;-0.286730585;0.301705423;-0.412595909;41;53.57
11.10.2019;0.028745652;-0.047200668;-0.289621196;0.432039199;-0.44213795;46;54.76
12.10.2019;-0.96915;-0.167458519;-0.310381;0.416666667;-0.769642857;4;
13.10.2019;-0.169233333;-0.040964867;-0.430641083;0.565845939;-0.400877006;12;
14.10.2019;0.523915789;0.102378503;-0.199059447;0.339957796;-0.272828301;38;53.57
15.10.2019;-0.191472;-0.021052676;-0.3565762;0.17060525;-0.428405905;25;52.81
16.10.2019;0.14996087;0.047964158;-0.267392913;0.352592316;-0.516204172;23;53.42
17.10.2019;-0.00207037;-0.034799178;-0.397337185;0.160554592;-0.40536817;27;53.89
18.10.2019;-0.122816667;0.021419552;-0.2749646;0.346031519;-0.36466631;30;53.75
19.10.2019;0.103154545;-0.006768603;-0.266651818;0.391829004;-0.421402572;11;
20.10.2019;0.07815;-0.033813384;-0.4585378;-0.036203463;-0.632270426;10;
21.10.2019;0.2804375;0.069650541;-0.127789458;0.26683361;-0.338665115;24;53.28
22.10.2019;0.166330769;0.028309068;-0.261332795;0.213972156;-0.333089623;39;54.21
23.10.2019;0.009475;0.000124276;-0.234718792;0.17424061;-0.460548981;24;55.9
24.10.2019;0.244969231;0.055924825;-0.176306808;0.273272386;-0.305280132;26;56.11
25.10.2019;0.316365217;0.012373614;-0.268881478;0.297212915;-0.344829337;23;56.52
26.10.2019;0.98698;0.206000405;0.2198402;0.56032175;0.0796767;5;
27.10.2019;0.9495;0.18849318;-0.074317143;0.397725555;-0.103896104;7;
28.10.2019;0.219205128;0.036624158;-0.240229128;0.204587223;-0.455337571;39;55.6
29.10.2019;0.244642105;0.040504859;-0.239150395;0.275671188;-0.416528668;38;55.34
30.10.2019;0.186410256;0.047869383;-0.282522359;0.344499481;-0.504166047;39;54.85
31.10.2019;0.206016279;0.051740777;-0.281448;0.188163915;-0.480335546;43;54.02
01.11.2019;0.13962;0.022955844;-0.197095467;0.320541251;-0.397632007;30;56.04
02.11.2019;-0.138557143;-0.048327519;-0.219595143;0.04100443;-0.448555287;7;
03.11.2019;0.345122727;0.068596071;-0.084542045;0.287701005;-0.431499747;22;
04.11.2019;0.489888372;0.069679818;-0.002890116;0.396533754;-0.2112377;43;56.33
05.11.2019;0.632005405;0.125600547;-0.128885054;0.292319245;-0.382412807;37;57.04
06.11.2019;0.115409677;0.005255564;-0.207104194;0.263487723;-0.273117334;31;56.15
07.11.2019;0.098242857;0.033193035;-0.223979643;0.258054655;-0.414845393;28;56.91
08.11.2019;0.192325806;0.037275805;-0.398811129;0.161019173;-0.476119187;31;57.02
09.11.2019;0.53938;0.203187816;0.050301;0.564302364;-0.292727273;5;
10.11.2019;-0.15875;-0.040229532;-0.321976083;0.167990567;-0.582019375;12;
11.11.2019;0.173211628;0.027292679;-0.178680163;0.31345465;-0.342141262;43;56.61
12.11.2019;-0.0093;0.009300605;-0.213806267;0.217320091;-0.399448247;30;56.67
13.11.2019;0.172135484;0.05497382;-0.181085065;0.270623913;-0.331670413;31;56.88
14.11.2019;-0.118664286;-0.030707599;-0.266764024;0.176140162;-0.517984734;42;56.57
15.11.2019;0.674081481;0.126251885;-0.201320667;0.398066635;-0.341178833;27;57.54
16.11.2019;-0.0905;-0.025437847;-0.11606125;0.118055556;-0.337301587;4;
17.11.2019;0.42554;0.046645635;-0.20719815;0.425972442;-0.422642569;20;
18.11.2019;0.24436;0.052162626;-0.287278771;0.201266469;-0.313086919;35;56.82
19.11.2019;0.090709375;0.00041382;-0.373447438;0.188806921;-0.515314165;32;54.93
20.11.2019;0.082984615;0.006737433;-0.202101923;0.246180313;-0.384969421;39;56.71
21.11.2019;0.123451351;0.047397924;-0.250811189;0.143044066;-0.424386881;37;58.36
22.11.2019;0.384633333;0.066443052;-0.284764375;0.238207269;-0.255977018;24;57.68
23.11.2019;0.395733333;0.144770986;-0.16661;0.33079932;-0.464463821;6;
24.11.2019;0.497741667;0.080976509;-0.169382417;0.395250007;-0.247807897;12;
25.11.2019;0.435252941;0.075823471;-0.190577353;0.352433824;-0.325691931;34;57.79
26.11.2019;0.235524138;0.057485617;-0.266710345;0.430817888;-0.41323417;29;58.25
27.11.2019;0.268267742;0.036375677;-0.203954645;0.163979054;-0.410925751;31;58.12
28.11.2019;-0.08291875;-0.011402696;-0.341130688;0.015349144;-0.471917249;16;
29.11.2019;0.093991429;-0.024586701;-0.298631743;0.091798986;-0.51648882;35;
30.11.2019;0.332933333;0.161326023;-0.256513;0.542188805;-0.356421356;3;
01.12.2019;0.427966667;0.026932756;-0.211458667;0.361458323;-0.30562096;15;
02.12.2019;0.33304;0.075644266;-0.193240889;0.310603662;-0.286020387;45;55.97
03.12.2019;0.271567742;0.038962561;-0.388692903;0.188411567;-0.346230147;31;56.15
04.12.2019;0.163583673;0.013105519;-0.378667735;0.306317302;-0.351411002;49;58.46
05.12.2019;0.089853333;0.05596289;-0.2757027;0.270915488;-0.294226665;60;58.42
06.12.2019;0.067154;0.028484226;-0.19374158;0.316569645;-0.376098895;50;59.2
07.12.2019;0.291383333;0.029953486;-0.2006125;0.190521284;-0.242189152;6;
08.12.2019;0.428990909;0.053765139;-0.187988364;0.330499086;-0.294092819;11;
09.12.2019;0.283367391;0.048420905;-0.240966239;0.227642604;-0.36810955;46;58.99
10.12.2019;-0.167640741;-0.000186912;-0.377774926;0.234319146;-0.292828277;27;59.22
11.12.2019;0.40195;0.083338171;-0.150729725;0.246173861;-0.285446043;40;58.74
12.12.2019;0.595345283;0.133196697;-0.054891623;0.360436805;-0.173632128;53;59.18
13.12.2019;0.592747619;0.112344243;-0.014476952;0.378820548;-0.234288169;21;60.11
14.12.2019;0.408671429;0.021048968;-0.260997429;0.569973289;-0.250737879;7;
15.12.2019;0.658227273;0.163712581;0.021125455;0.413664502;-0.334317037;11;
16.12.2019;0.544748276;0.12503023;-0.029106621;0.470421728;-0.175588444;29;60.21
17.12.2019;0.534164516;0.099748808;-0.007429097;0.350246214;-0.326863643;31;60.88
18.12.2019;0.415945455;0.07748051;-0.328850636;0.219889919;-0.265381726;33;60.93
19.12.2019;0.113723684;0.067562727;-0.143987763;0.418882113;-0.188626399;38;61.3
20.12.2019;0.683003846;0.145246231;-0.135083115;0.348987663;-0.245326183;26;60.43
21.12.2019;0.216125;0.017652235;-0.485644083;-0.252368082;-0.619852772;12;
22.12.2019;0.1752;0.019287111;-0.271458833;0.452614379;-0.163008006;6;
23.12.2019;0.215385366;0.030353985;-0.136327073;0.311312016;-0.304800703;41;60.51
24.12.2019;0.454481818;0.041659182;-0.164391136;0.341396977;-0.303080003;22;61.17
25.12.2019;3.33333E-05;-0.01693077;-0.339666;0.645454545;-0.48452381;6;
26.12.2019;0.631278947;0.139386287;0.115753842;0.508622448;0.028403892;19;61.72
27.12.2019;0.45746087;0.079461242;-0.026190609;0.424639296;-0.225368077;23;61.76
28.12.2019;0.36094;0.012133544;-0.4122007;0.437655271;-0.592049423;10;
29.12.2019;0.128214286;-0.039659821;-0.369231;0.356469291;-0.389115101;7;
30.12.2019;0.226251613;0.041316647;-0.247436839;0.246323023;-0.277096537;31;61.66
31.12.2019;0.210611429;0.042141333;-0.194021257;0.398871944;-0.333387953;35;61.14
01.01.2020;0.173033333;-0.003887729;-0.261485833;0.414466089;-0.512620773;6;
02.01.2020;0.260921951;0.044365306;-0.123318927;0.476667807;-0.210881961;41;61.17
03.01.2020;-0.419097895;-0.132276909;-0.534951463;0.295896838;-0.542195998;95;63
04.01.2020;-0.9826;-0.229378194;-0.649707;0.488970588;-0.738503273;8;
05.01.2020;-0.40996;-0.111166934;-0.5931678;0.085538056;-0.59991854;15;
06.01.2020;-0.34641573;-0.099762112;-0.466679326;0.242524358;-0.4562978;89;63.27
07.01.2020;-0.154523611;-0.02723793;-0.360446306;0.213807669;-0.358511819;72;62.7
08.01.2020;-0.534275904;-0.10340971;-0.504644759;0.138028595;-0.438705421;83;59.65
09.01.2020;-0.108580435;-0.020333001;-0.352879457;0.325610894;-0.374051272;46;59.56
10.01.2020;-0.252366667;-0.04185929;-0.349076071;0.22441836;-0.456905711;42;59.02
11.01.2020;0.458953333;0.135459681;0.093357733;0.370243226;0.040123867;15;
12.01.2020;0.51668;0.056973746;-0.2757127;0.4345729;-0.268595287;10;
13.01.2020;0.138610811;0.001734161;-0.235900919;0.244672573;-0.305426946;37;58.17
14.01.2020;0.185057778;0.037286662;-0.181814933;0.382961803;-0.373688711;45;58.34
15.01.2020;0.14558;0.029048306;-0.169521978;0.218781418;-0.375018515;45;57.86
16.01.2020;0.30557381;0.058057049;-0.064615548;0.397179075;-0.27530173;42;58.52
17.01.2020;0.085273077;0.042127999;-0.136111346;0.33301401;-0.198251442;26;58.55
18.01.2020;0.9118;0.303933333;-0.634693;0.333333333;-1;1;
19.01.2020;0.662722222;0.125323208;-0.269131;0.547525006;-0.215868083;9;
20.01.2020;0.181097143;0.050955458;-0.204601629;0.248673202;-0.392923008;35;
21.01.2020;-0.089369048;-0.019328704;-0.375035952;0.195934575;-0.499082617;42;58.25
22.01.2020;-0.447376471;-0.062134303;-0.436317647;0.201398428;-0.458861215;34;56.76
23.01.2020;-0.115898361;-0.017982028;-0.31049218;0.15052055;-0.462094362;61;55.51
24.01.2020;0.175732;0.009493694;-0.33475608;0.130137918;-0.417620922;25;54.09
25.01.2020;-0.7872;-0.1366;-0.707429;-0.2;-1;1;
26.01.2020;-0.421407692;-0.035824854;-0.510024308;-0.031057261;-0.457483542;13;
27.01.2020;-0.222455556;-0.036962191;-0.502891133;-0.063661384;-0.497499986;45;53.09
28.01.2020;-0.103464103;-0.002573798;-0.380128;0.068260869;-0.381436256;39;53.33
29.01.2020;-0.090687179;-0.020088238;-0.444132154;0.298870417;-0.41484273;39;53.29
30.01.2020;-0.37015;-0.056731144;-0.402641324;0.086825105;-0.489639518;34;52.19
31.01.2020;-0.066093939;-0.00454321;-0.408421455;0.165719595;-0.495550076;33;51.58
01.02.2020;0.037614286;-0.012799441;-0.548925857;0.614333493;-0.57813245;7;
02.02.2020;-0.214358333;-0.008431189;-0.62032175;0.09961028;-0.552965583;12;
03.02.2020;-0.324695556;-0.058215595;-0.523977378;0.056228342;-0.520028662;45;50.06
04.02.2020;-0.080687692;-0.026797456;-0.448414108;0.242134362;-0.407503861;65;49.59
05.02.2020;-0.128934286;-0.02073776;-0.4018982;0.281471976;-0.361443163;35;50.87
06.02.2020;0.027904348;0.008192557;-0.366305522;0.314402384;-0.405625938;46;50.94
07.02.2020;-0.333733333;-0.035187156;-0.480950267;0.050692255;-0.597143819;30;50.34
